timestamp,userId,itemId,interactionType,timestamp
2019-02-15 23:04:06,98700857-2bc0-4543-8c42-c52e55fba16d,llwh08,purchase,2019-02-15 23:04:06
2019-02-15 23:04:06,98700857-2bc0-4543-8c42-c52e55fba16d,llmp08,purchase,2019-02-15 23:04:06
2019-02-15 23:04:06,98700857-2bc0-4543-8c42-c52e55fba16d,llmh12,purchase,2019-02-15 23:04:06
2019-02-15 23:04:06,98700857-2bc0-4543-8c42-c52e55fba16d,llwh03,purchase,2019-02-15 23:04:06
2019-02-15 23:04:06,98700857-2bc0-4543-8c42-c52e55fba16d,llwh06,purchase,2019-02-15 23:04:06
2019-02-15 23:04:06,98700857-2bc0-4543-8c42-c52e55fba16d,llms10,purchase,2019-02-15 23:04:06
2019-02-26 04:20:51,dea8e17f-640c-4155-b204-735ecca599dc,llmj12,purchase,2019-02-26 04:20:51
2019-02-26 04:19:13,931742f0-fc86-43b8-b272-f055a0a39fb2,llmj03,purchase,2019-02-26 04:19:13
2019-02-05 21:38:23,0b4ca0a6-ab8c-4c92-b088-19b14d583b37,llmp08,purchase,2019-02-05 21:38:23
2019-02-05 21:44:55,dd347989-b9f1-46a6-bb9c-842ecae6a095,llms10,purchase,2019-02-05 21:44:55
2019-02-05 21:57:11,1ea510f9-f105-4439-8c46-ade9493a5906,llwp12,purchase,2019-02-05 21:57:11
2019-02-05 21:57:11,1ea510f9-f105-4439-8c46-ade9493a5906,llwp10,purchase,2019-02-05 21:57:11
2019-02-07 21:46:56,bcf9d21c-10e9-477d-88d2-cdcc69a4416a,24-ug0,purchase,2019-02-07 21:46:56
2019-02-07 22:30:35,5292e8b6-126b-4871-ad57-78497ff5d206,llms10,purchase,2019-02-07 22:30:35
2019-02-08 17:27:50,5fe5542b-c241-4e16-87ad-afc62d9c890e,llms10,purchase,2019-02-08 17:27:50
2019-03-01 17:01:34,f13d35f5-d9db-41e1-8498-478fc34f9466,llmh10,purchase,2019-03-01 17:01:34
2019-03-01 17:00:20,238ba220-24b9-4011-95e2-b8770e14d1ff,llmh12,purchase,2019-03-01 17:00:20
2019-03-01 15:16:45,3134f817-fa07-40dd-9b66-f6a9b406e697,llwh03,purchase,2019-03-01 15:16:45
2019-03-10 23:00:17,cad4065b-297e-4b61-ad98-38e61b979cc3,llwh03,purchase,2019-03-10 23:00:17
2019-03-11 19:39:52,8b697f69-5507-4781-8b5f-086d327e4a1d,llmt10,purchase,2019-03-11 19:39:52
2019-03-11 19:39:52,8b697f69-5507-4781-8b5f-086d327e4a1d,24-mg0,purchase,2019-03-11 19:39:52
2019-03-11 19:39:52,8b697f69-5507-4781-8b5f-086d327e4a1d,llmp11,purchase,2019-03-11 19:39:52
2019-03-11 19:39:52,8b697f69-5507-4781-8b5f-086d327e4a1d,llmp08,purchase,2019-03-11 19:39:52
2019-03-11 19:39:52,8b697f69-5507-4781-8b5f-086d327e4a1d,24-wg08,purchase,2019-03-11 19:39:52
2019-03-11 19:39:52,8b697f69-5507-4781-8b5f-086d327e4a1d,24-ug0,purchase,2019-03-11 19:39:52
2019-03-11 19:39:52,8b697f69-5507-4781-8b5f-086d327e4a1d,24-wg08,purchase,2019-03-11 19:39:52
2019-03-11 19:39:52,8b697f69-5507-4781-8b5f-086d327e4a1d,24-ug0,purchase,2019-03-11 19:39:52
2019-03-11 19:39:52,8b697f69-5507-4781-8b5f-086d327e4a1d,llws05,purchase,2019-03-11 19:39:52
2019-03-11 19:39:52,8b697f69-5507-4781-8b5f-086d327e4a1d,llws01,purchase,2019-03-11 19:39:52
2019-03-11 14:42:47,52af6f67-11a8-4b72-aa70-6ba52ff29400,24-wg0,purchase,2019-03-11 14:42:47
2019-03-11 14:42:47,52af6f67-11a8-4b72-aa70-6ba52ff29400,24-mg0,purchase,2019-03-11 14:42:47
2019-03-11 14:42:47,52af6f67-11a8-4b72-aa70-6ba52ff29400,llmsh08,purchase,2019-03-11 14:42:47
2019-03-11 14:42:47,52af6f67-11a8-4b72-aa70-6ba52ff29400,llmsh12,purchase,2019-03-11 14:42:47
2019-03-11 14:42:47,52af6f67-11a8-4b72-aa70-6ba52ff29400,llmsh11,purchase,2019-03-11 14:42:47
2019-03-11 14:42:47,52af6f67-11a8-4b72-aa70-6ba52ff29400,llmt09,purchase,2019-03-11 14:42:47
2019-03-11 14:42:47,52af6f67-11a8-4b72-aa70-6ba52ff29400,llmt08,purchase,2019-03-11 14:42:47
2019-03-11 14:17:33,6c7b4e69-1181-4a6e-b624-fe9a9c6224bb,llwh08,purchase,2019-03-11 14:17:33
2019-03-11 14:17:33,6c7b4e69-1181-4a6e-b624-fe9a9c6224bb,llwj06,purchase,2019-03-11 14:17:33
2019-03-11 14:17:33,6c7b4e69-1181-4a6e-b624-fe9a9c6224bb,llwt08,purchase,2019-03-11 14:17:33
2019-03-11 14:17:33,6c7b4e69-1181-4a6e-b624-fe9a9c6224bb,llwp10,purchase,2019-03-11 14:17:33
2019-03-11 14:17:33,6c7b4e69-1181-4a6e-b624-fe9a9c6224bb,llwsh09,purchase,2019-03-11 14:17:33
2019-03-11 14:17:33,6c7b4e69-1181-4a6e-b624-fe9a9c6224bb,24-ug0,purchase,2019-03-11 14:17:33
2019-03-11 11:39:43,8aab452f-28a8-4d4c-a1af-758061736a53,llwh06,purchase,2019-03-11 11:39:43
2019-03-11 11:39:43,8aab452f-28a8-4d4c-a1af-758061736a53,llwp13,purchase,2019-03-11 11:39:43
2019-03-14 00:34:06,542d43c4-3207-47fc-8d15-dfa64f55e63f,24-wg08,purchase,2019-03-14 00:34:06
2019-03-14 00:38:01,933c6508-0416-410e-ab8e-e7037aac0e1d,24-wb0,purchase,2019-03-14 00:38:01
2019-03-14 23:27:15,e41b33be-fbf7-4078-b4b3-72afba9de321,24-wb0,purchase,2019-03-14 23:27:15
2019-03-14 18:36:27,a35997a6-4f27-42d6-91f8-f21cf52fd619,24-mg0,purchase,2019-03-14 18:36:27
2019-03-14 18:59:33,0a1f8ea5-0067-4cf0-94d9-5eba50d8fb5e,24-wg0,purchase,2019-03-14 18:59:33
2019-03-14 19:10:34,502a5279-32f7-4d22-b247-43eb67c0632f,24-wb0,purchase,2019-03-14 19:10:34
2019-03-14 21:59:23,190529bc-9e32-49a8-bef6-ccd150ef2edd,24-ug0,purchase,2019-03-14 21:59:23
2019-03-15 20:24:48,f6f7db80-8890-4ca6-b4a5-e4c25ac1eac0,llws09,purchase,2019-03-15 20:24:48
2019-03-15 19:11:48,6e84af07-bbb6-4743-b6c3-a6ba96677511,24-ug0,purchase,2019-03-15 19:11:48
2019-03-15 19:11:48,6e84af07-bbb6-4743-b6c3-a6ba96677511,24-ug0,purchase,2019-03-15 19:11:48
2019-03-18 12:58:18,d6e02911-9098-41f9-a50a-e1bccfafbfae,llmh12,purchase,2019-03-18 12:58:18
2019-03-18 12:58:18,d6e02911-9098-41f9-a50a-e1bccfafbfae,llmh11,purchase,2019-03-18 12:58:18
2019-03-18 12:58:18,d6e02911-9098-41f9-a50a-e1bccfafbfae,llwb05,purchase,2019-03-18 12:58:18
2019-03-18 12:58:18,d6e02911-9098-41f9-a50a-e1bccfafbfae,llwt08,purchase,2019-03-18 12:58:18
2019-03-18 12:58:18,d6e02911-9098-41f9-a50a-e1bccfafbfae,24-wb0,purchase,2019-03-18 12:58:18
2019-03-18 12:58:18,d6e02911-9098-41f9-a50a-e1bccfafbfae,24-wg0,purchase,2019-03-18 12:58:18
2019-03-19 21:11:49,82323e70-c8bf-4958-bdad-51945424f5a5,llmj03,purchase,2019-03-19 21:11:49
2019-03-20 04:45:58,df595d8e-100b-408d-ab3a-c0efd14d1dc4,llmh10,purchase,2019-03-20 04:45:58
2019-03-20 05:01:56,0b221d2c-a309-4648-a276-c75ba420db7f,llmh10,purchase,2019-03-20 05:01:56
2019-03-22 19:55:16,cd430477-93f9-4016-8396-456483733dad,24-mg0,purchase,2019-03-22 19:55:16
2019-03-04 16:59:11,ce3e60bc-8933-4798-a6c5-f2d8862673f2,llmsh32-3,purchase,2019-03-04 16:59:11
2019-03-04 16:59:11,ce3e60bc-8933-4798-a6c5-f2d8862673f2,luma-24-wg08,purchase,2019-03-04 16:59:11
2019-03-04 16:59:11,ce3e60bc-8933-4798-a6c5-f2d8862673f2,24-wg08,purchase,2019-03-04 16:59:11
2019-03-04 16:59:11,ce3e60bc-8933-4798-a6c5-f2d8862673f2,24-ug0,purchase,2019-03-04 16:59:11
2019-03-04 16:59:11,ce3e60bc-8933-4798-a6c5-f2d8862673f2,24-wg08,purchase,2019-03-04 16:59:11
2019-03-04 16:59:11,ce3e60bc-8933-4798-a6c5-f2d8862673f2,24-ug0,purchase,2019-03-04 16:59:11
2019-03-04 16:15:03,5069456f-a00d-4219-9d0f-40fa074abcaa,llmh12,purchase,2019-03-04 16:15:03
2019-03-04 16:15:03,5069456f-a00d-4219-9d0f-40fa074abcaa,llms10,purchase,2019-03-04 16:15:03
2019-03-04 16:15:03,5069456f-a00d-4219-9d0f-40fa074abcaa,llmsh08,purchase,2019-03-04 16:15:03
2019-03-04 16:15:03,5069456f-a00d-4219-9d0f-40fa074abcaa,llmp10,purchase,2019-03-04 16:15:03
2019-03-04 16:15:03,5069456f-a00d-4219-9d0f-40fa074abcaa,luma-24-wb0,purchase,2019-03-04 16:15:03
2019-03-04 16:15:03,5069456f-a00d-4219-9d0f-40fa074abcaa,24-ug0,purchase,2019-03-04 16:15:03
2019-03-04 16:15:03,5069456f-a00d-4219-9d0f-40fa074abcaa,24-mg0,purchase,2019-03-04 16:15:03
2019-03-04 16:15:03,5069456f-a00d-4219-9d0f-40fa074abcaa,24-wg08,purchase,2019-03-04 16:15:03
2019-03-04 16:06:07,27de0ec5-9b16-4eca-8169-4535f56b4efb,llwh03,purchase,2019-03-04 16:06:07
2019-03-04 16:06:07,27de0ec5-9b16-4eca-8169-4535f56b4efb,llmsh32-3,purchase,2019-03-04 16:06:07
2019-03-04 16:06:07,27de0ec5-9b16-4eca-8169-4535f56b4efb,24-wg08,purchase,2019-03-04 16:06:07
2019-03-04 16:06:07,27de0ec5-9b16-4eca-8169-4535f56b4efb,llms10,purchase,2019-03-04 16:06:07
2019-03-04 16:06:07,27de0ec5-9b16-4eca-8169-4535f56b4efb,24-wg0,purchase,2019-03-04 16:06:07
2019-03-04 16:40:24,7760ff64-dde2-4875-9cde-71eafb021757,llws12,purchase,2019-03-04 16:40:24
2019-03-04 16:40:24,7760ff64-dde2-4875-9cde-71eafb021757,llwsh10,purchase,2019-03-04 16:40:24
2019-03-04 16:40:24,7760ff64-dde2-4875-9cde-71eafb021757,24-ug0,purchase,2019-03-04 16:40:24
2019-03-04 16:12:09,8acde665-c37f-495a-a3f4-a7c6ebbbd24a,llmp08,purchase,2019-03-04 16:12:09
2019-03-04 16:12:09,8acde665-c37f-495a-a3f4-a7c6ebbbd24a,llmh09,purchase,2019-03-04 16:12:09
2019-03-04 16:13:36,e8a22f77-5339-424a-810d-c311443bb217,llmj11,purchase,2019-03-04 16:13:36
2019-03-04 16:13:36,e8a22f77-5339-424a-810d-c311443bb217,llmp11,purchase,2019-03-04 16:13:36
2019-03-04 16:13:36,e8a22f77-5339-424a-810d-c311443bb217,llmj12,purchase,2019-03-04 16:13:36
2019-03-04 16:43:02,7782c5a8-2cb5-4055-acbf-8c0ad668c819,llwj0,purchase,2019-03-04 16:43:02
2019-03-04 16:43:02,7782c5a8-2cb5-4055-acbf-8c0ad668c819,llws10,purchase,2019-03-04 16:43:02
2019-03-04 16:43:02,7782c5a8-2cb5-4055-acbf-8c0ad668c819,24-ug0,purchase,2019-03-04 16:43:02
2019-03-04 16:43:02,7782c5a8-2cb5-4055-acbf-8c0ad668c819,24-wg08,purchase,2019-03-04 16:43:02
2019-03-04 16:43:02,7782c5a8-2cb5-4055-acbf-8c0ad668c819,luma-24-wb0,purchase,2019-03-04 16:43:02
2019-03-04 16:43:02,7782c5a8-2cb5-4055-acbf-8c0ad668c819,24-ug0,purchase,2019-03-04 16:43:02
2019-03-04 16:38:23,de12c9ac-a2f2-489b-afca-e51c91aaa0ca,llmj03,purchase,2019-03-04 16:38:23
2019-03-04 16:38:23,de12c9ac-a2f2-489b-afca-e51c91aaa0ca,llms10,purchase,2019-03-04 16:38:23
2019-03-04 16:38:23,de12c9ac-a2f2-489b-afca-e51c91aaa0ca,24-ug0,purchase,2019-03-04 16:38:23
2019-03-04 16:23:53,33908273-f660-4179-b2bd-f74bcc2e670a,llmj11,purchase,2019-03-04 16:23:53
2019-03-04 16:23:53,33908273-f660-4179-b2bd-f74bcc2e670a,llmsh09,purchase,2019-03-04 16:23:53
2019-03-04 16:23:53,33908273-f660-4179-b2bd-f74bcc2e670a,llmsh08,purchase,2019-03-04 16:23:53
2019-03-04 16:47:17,c22b9a47-78a0-4d72-9ac3-8bf955602833,luma-24-wb0,purchase,2019-03-04 16:47:17
2019-03-04 16:47:17,c22b9a47-78a0-4d72-9ac3-8bf955602833,24-ug0,purchase,2019-03-04 16:47:17
2019-03-04 16:47:17,c22b9a47-78a0-4d72-9ac3-8bf955602833,24-wg08,purchase,2019-03-04 16:47:17
2019-03-04 16:47:17,c22b9a47-78a0-4d72-9ac3-8bf955602833,24-wg08,purchase,2019-03-04 16:47:17
2019-03-04 16:47:17,c22b9a47-78a0-4d72-9ac3-8bf955602833,24-ug0,purchase,2019-03-04 16:47:17
2019-03-04 16:07:13,b86c16e2-946d-47ce-a074-327d9bc93b1a,llmj06,purchase,2019-03-04 16:07:13
2019-03-04 16:07:13,b86c16e2-946d-47ce-a074-327d9bc93b1a,llmj03,purchase,2019-03-04 16:07:13
2019-03-04 16:07:13,b86c16e2-946d-47ce-a074-327d9bc93b1a,luma-24-mb0,purchase,2019-03-04 16:07:13
2019-03-04 16:07:13,b86c16e2-946d-47ce-a074-327d9bc93b1a,llmsh08,purchase,2019-03-04 16:07:13
2019-03-04 16:10:27,67c99ff8-0ed6-4fc1-b8ce-50e4af00b614,llmh12,purchase,2019-03-04 16:10:27
2019-03-04 16:10:27,67c99ff8-0ed6-4fc1-b8ce-50e4af00b614,llmh10,purchase,2019-03-04 16:10:27
2019-03-04 16:10:27,67c99ff8-0ed6-4fc1-b8ce-50e4af00b614,24-ug0,purchase,2019-03-04 16:10:27
2019-03-04 16:10:27,67c99ff8-0ed6-4fc1-b8ce-50e4af00b614,24-ug0,purchase,2019-03-04 16:10:27
2019-03-04 16:10:27,67c99ff8-0ed6-4fc1-b8ce-50e4af00b614,24-ug0,purchase,2019-03-04 16:10:27
2019-03-04 16:07:00,479034d0-1ae6-4450-a695-57cb9b683292,llmj10,purchase,2019-03-04 16:07:00
2019-03-04 16:07:00,479034d0-1ae6-4450-a695-57cb9b683292,llmh12,purchase,2019-03-04 16:07:00
2019-03-04 16:07:00,479034d0-1ae6-4450-a695-57cb9b683292,llmp12,purchase,2019-03-04 16:07:00
2019-03-04 16:07:00,479034d0-1ae6-4450-a695-57cb9b683292,24-wb0,purchase,2019-03-04 16:07:00
2019-03-04 16:07:00,479034d0-1ae6-4450-a695-57cb9b683292,llmp08,purchase,2019-03-04 16:07:00
2019-03-04 16:07:00,479034d0-1ae6-4450-a695-57cb9b683292,llmj06,purchase,2019-03-04 16:07:00
2019-03-04 16:05:42,2d3e6078-9c99-4358-a8e7-1a2c33410461,llmp09,purchase,2019-03-04 16:05:42
2019-03-04 16:05:42,2d3e6078-9c99-4358-a8e7-1a2c33410461,llmj11,purchase,2019-03-04 16:05:42
2019-03-04 16:05:42,2d3e6078-9c99-4358-a8e7-1a2c33410461,llwh12,purchase,2019-03-04 16:05:42
2019-03-04 16:28:45,f90b80c3-87b4-4428-b413-aa4e49304f04,24-mg0,purchase,2019-03-04 16:28:45
2019-03-04 16:28:45,f90b80c3-87b4-4428-b413-aa4e49304f04,llms01,purchase,2019-03-04 16:28:45
2019-03-04 16:28:45,f90b80c3-87b4-4428-b413-aa4e49304f04,llmj11,purchase,2019-03-04 16:28:45
2019-03-04 16:28:45,f90b80c3-87b4-4428-b413-aa4e49304f04,24-wg08,purchase,2019-03-04 16:28:45
2019-03-04 16:28:45,f90b80c3-87b4-4428-b413-aa4e49304f04,24-ug0,purchase,2019-03-04 16:28:45
2019-03-04 16:28:45,f90b80c3-87b4-4428-b413-aa4e49304f04,llmp10,purchase,2019-03-04 16:28:45
2019-03-04 16:07:41,747391bf-4957-43dd-b5ee-2d58fe837297,24-wg08,purchase,2019-03-04 16:07:41
2019-03-04 16:07:41,747391bf-4957-43dd-b5ee-2d58fe837297,24-wg08,purchase,2019-03-04 16:07:41
2019-03-04 16:38:31,655fa1c2-1860-4d5d-b726-eb468686d535,llmj03,purchase,2019-03-04 16:38:31
2019-03-04 16:38:31,655fa1c2-1860-4d5d-b726-eb468686d535,llmj10,purchase,2019-03-04 16:38:31
2019-03-04 16:38:31,655fa1c2-1860-4d5d-b726-eb468686d535,24-ug0,purchase,2019-03-04 16:38:31
2019-03-04 16:38:31,655fa1c2-1860-4d5d-b726-eb468686d535,llms07,purchase,2019-03-04 16:38:31
2019-03-04 16:38:31,655fa1c2-1860-4d5d-b726-eb468686d535,llms02,purchase,2019-03-04 16:38:31
2019-03-04 16:13:43,94bfa1b5-e89f-4cba-ac30-0988d9f7ee2e,luma-24-wb0,purchase,2019-03-04 16:13:43
2019-03-04 16:13:43,94bfa1b5-e89f-4cba-ac30-0988d9f7ee2e,llmj10,purchase,2019-03-04 16:13:43
2019-03-04 16:13:43,94bfa1b5-e89f-4cba-ac30-0988d9f7ee2e,llwh03,purchase,2019-03-04 16:13:43
2019-03-04 16:13:43,94bfa1b5-e89f-4cba-ac30-0988d9f7ee2e,24-wg08,purchase,2019-03-04 16:13:43
2019-03-04 16:13:43,94bfa1b5-e89f-4cba-ac30-0988d9f7ee2e,luma-24-wg08,purchase,2019-03-04 16:13:43
2019-03-04 16:13:43,94bfa1b5-e89f-4cba-ac30-0988d9f7ee2e,llmp12,purchase,2019-03-04 16:13:43
2019-03-04 16:13:43,94bfa1b5-e89f-4cba-ac30-0988d9f7ee2e,llwh10,purchase,2019-03-04 16:13:43
2019-03-04 16:13:43,94bfa1b5-e89f-4cba-ac30-0988d9f7ee2e,llmsh08,purchase,2019-03-04 16:13:43
2019-03-04 16:13:43,94bfa1b5-e89f-4cba-ac30-0988d9f7ee2e,llws05,purchase,2019-03-04 16:13:43
2019-03-04 16:53:46,4905e631-a54d-4d21-bde1-129904934ad4,llmt11,purchase,2019-03-04 16:53:46
2019-03-04 16:53:46,4905e631-a54d-4d21-bde1-129904934ad4,24-wg0,purchase,2019-03-04 16:53:46
2019-03-04 16:53:46,4905e631-a54d-4d21-bde1-129904934ad4,llmsh10,purchase,2019-03-04 16:53:46
2019-03-04 16:16:21,28a882c5-571e-4f4c-ab4a-298c219e76bd,luma-24-wb0,purchase,2019-03-04 16:16:21
2019-03-04 16:16:21,28a882c5-571e-4f4c-ab4a-298c219e76bd,24-wg08,purchase,2019-03-04 16:16:21
2019-03-04 16:16:21,28a882c5-571e-4f4c-ab4a-298c219e76bd,24-wg08,purchase,2019-03-04 16:16:21
2019-03-04 16:16:21,28a882c5-571e-4f4c-ab4a-298c219e76bd,llwj06,purchase,2019-03-04 16:16:21
2019-03-04 16:16:21,28a882c5-571e-4f4c-ab4a-298c219e76bd,llwb05,purchase,2019-03-04 16:16:21
2019-03-04 16:21:02,e8fb6e8e-af8b-4e94-8e79-626d04059c0d,llmj03,purchase,2019-03-04 16:21:02
2019-03-04 16:21:02,e8fb6e8e-af8b-4e94-8e79-626d04059c0d,24-wg0,purchase,2019-03-04 16:21:02
2019-03-04 16:21:02,e8fb6e8e-af8b-4e94-8e79-626d04059c0d,llmj10,purchase,2019-03-04 16:21:02
2019-03-04 16:21:02,e8fb6e8e-af8b-4e94-8e79-626d04059c0d,24-ug0,purchase,2019-03-04 16:21:02
2019-03-04 16:21:02,e8fb6e8e-af8b-4e94-8e79-626d04059c0d,llmsh08,purchase,2019-03-04 16:21:02
2019-03-04 16:08:26,00059418-fea6-4503-ab77-867ad887e930,llmsh08,purchase,2019-03-04 16:08:26
2019-03-04 16:08:26,00059418-fea6-4503-ab77-867ad887e930,llmj03,purchase,2019-03-04 16:08:26
2019-03-04 16:08:26,00059418-fea6-4503-ab77-867ad887e930,llms01,purchase,2019-03-04 16:08:26
2019-03-04 16:08:26,00059418-fea6-4503-ab77-867ad887e930,llmt09,purchase,2019-03-04 16:08:26
2019-03-04 16:08:26,00059418-fea6-4503-ab77-867ad887e930,24-wg0,purchase,2019-03-04 16:08:26
2019-03-04 17:46:22,f8e53c46-f606-4e44-ac1d-7e81d2194511,llmj03,purchase,2019-03-04 17:46:22
2019-03-04 17:46:22,f8e53c46-f606-4e44-ac1d-7e81d2194511,llmh12,purchase,2019-03-04 17:46:22
2019-03-04 17:46:22,f8e53c46-f606-4e44-ac1d-7e81d2194511,llms08,purchase,2019-03-04 17:46:22
2019-03-04 17:46:22,f8e53c46-f606-4e44-ac1d-7e81d2194511,llmsh32-3,purchase,2019-03-04 17:46:22
2019-03-04 17:05:03,566cc08b-0efa-44d9-84e3-669d0c7f2580,llmj03,purchase,2019-03-04 17:05:03
2019-03-04 17:05:03,566cc08b-0efa-44d9-84e3-669d0c7f2580,llmp11,purchase,2019-03-04 17:05:03
2019-03-04 17:05:03,566cc08b-0efa-44d9-84e3-669d0c7f2580,luma-24-mb0,purchase,2019-03-04 17:05:03
2019-03-04 17:49:46,44603156-1bfa-48be-8b62-bf09e3a5ebc9,llmj03,purchase,2019-03-04 17:49:46
2019-03-04 17:49:46,44603156-1bfa-48be-8b62-bf09e3a5ebc9,llms01,purchase,2019-03-04 17:49:46
2019-03-04 17:49:46,44603156-1bfa-48be-8b62-bf09e3a5ebc9,llmsh12,purchase,2019-03-04 17:49:46
2019-03-04 17:49:46,44603156-1bfa-48be-8b62-bf09e3a5ebc9,llmp11,purchase,2019-03-04 17:49:46
2019-03-04 17:49:46,44603156-1bfa-48be-8b62-bf09e3a5ebc9,24-ug0,purchase,2019-03-04 17:49:46
2019-03-04 17:49:46,44603156-1bfa-48be-8b62-bf09e3a5ebc9,24-ug0,purchase,2019-03-04 17:49:46
2019-03-04 17:08:39,c8b5ee2c-a8ad-4209-91ec-c667b2ad2e82,24-mg0,purchase,2019-03-04 17:08:39
2019-03-04 17:08:39,c8b5ee2c-a8ad-4209-91ec-c667b2ad2e82,llmt09,purchase,2019-03-04 17:08:39
2019-03-04 17:08:39,c8b5ee2c-a8ad-4209-91ec-c667b2ad2e82,24-ug0,purchase,2019-03-04 17:08:39
2019-03-04 17:08:39,c8b5ee2c-a8ad-4209-91ec-c667b2ad2e82,llwj11,purchase,2019-03-04 17:08:39
2019-03-04 17:08:39,c8b5ee2c-a8ad-4209-91ec-c667b2ad2e82,24-ug0,purchase,2019-03-04 17:08:39
2019-03-04 17:08:39,c8b5ee2c-a8ad-4209-91ec-c667b2ad2e82,24-ug0,purchase,2019-03-04 17:08:39
2019-03-04 17:05:55,20597775-2d50-4af9-81ac-e9ddb32b6e6e,llmh13,purchase,2019-03-04 17:05:55
2019-03-04 17:05:55,20597775-2d50-4af9-81ac-e9ddb32b6e6e,llmsh10,purchase,2019-03-04 17:05:55
2019-03-04 17:18:31,ff428166-8792-44e7-98ea-019c0b65dd49,llwt08,purchase,2019-03-04 17:18:31
2019-03-04 17:18:31,ff428166-8792-44e7-98ea-019c0b65dd49,llwh10,purchase,2019-03-04 17:18:31
2019-03-04 17:18:31,ff428166-8792-44e7-98ea-019c0b65dd49,llwp12,purchase,2019-03-04 17:18:31
2019-03-04 17:18:31,ff428166-8792-44e7-98ea-019c0b65dd49,llwp11,purchase,2019-03-04 17:18:31
2019-03-04 17:18:31,ff428166-8792-44e7-98ea-019c0b65dd49,24-ug0,purchase,2019-03-04 17:18:31
2019-03-04 17:18:31,ff428166-8792-44e7-98ea-019c0b65dd49,24-wg08,purchase,2019-03-04 17:18:31
2019-03-04 17:18:31,ff428166-8792-44e7-98ea-019c0b65dd49,24-wb0,purchase,2019-03-04 17:18:31
2019-03-04 17:18:31,ff428166-8792-44e7-98ea-019c0b65dd49,24-ug0,purchase,2019-03-04 17:18:31
2019-03-04 17:18:31,ff428166-8792-44e7-98ea-019c0b65dd49,llmj03,purchase,2019-03-04 17:18:31
2019-03-04 17:13:36,138eba15-7029-4131-9ee7-f6a43c5bfdbf,llwh08,purchase,2019-03-04 17:13:36
2019-03-04 17:13:36,138eba15-7029-4131-9ee7-f6a43c5bfdbf,llwh11,purchase,2019-03-04 17:13:36
2019-03-04 17:13:36,138eba15-7029-4131-9ee7-f6a43c5bfdbf,24-wb0,purchase,2019-03-04 17:13:36
2019-03-04 17:13:36,138eba15-7029-4131-9ee7-f6a43c5bfdbf,luma-24-wb0,purchase,2019-03-04 17:13:36
2019-03-04 17:13:36,138eba15-7029-4131-9ee7-f6a43c5bfdbf,llwsh12,purchase,2019-03-04 17:13:36
2019-03-04 17:13:36,138eba15-7029-4131-9ee7-f6a43c5bfdbf,llwj0,purchase,2019-03-04 17:13:36
2019-03-04 17:14:43,90bf955b-befe-4cc0-b793-8ab1ad1e5c5d,24-wb0,purchase,2019-03-04 17:14:43
2019-03-04 17:14:43,90bf955b-befe-4cc0-b793-8ab1ad1e5c5d,,purchase,2019-03-04 17:14:43
2019-03-04 17:18:07,37042553-f7b0-4153-b1d9-137a5d0b0cf3,24-wg0,purchase,2019-03-04 17:18:07
2019-03-04 17:18:07,37042553-f7b0-4153-b1d9-137a5d0b0cf3,24-wg0,purchase,2019-03-04 17:18:07
2019-03-04 17:18:07,37042553-f7b0-4153-b1d9-137a5d0b0cf3,24-wg0,purchase,2019-03-04 17:18:07
2019-03-04 17:18:07,37042553-f7b0-4153-b1d9-137a5d0b0cf3,24-mg0,purchase,2019-03-04 17:18:07
2019-03-04 17:18:07,37042553-f7b0-4153-b1d9-137a5d0b0cf3,24-wg0,purchase,2019-03-04 17:18:07
2019-03-04 17:18:07,37042553-f7b0-4153-b1d9-137a5d0b0cf3,24-mg0,purchase,2019-03-04 17:18:07
2019-03-04 17:18:07,37042553-f7b0-4153-b1d9-137a5d0b0cf3,24-mg0,purchase,2019-03-04 17:18:07
2019-03-04 17:18:07,37042553-f7b0-4153-b1d9-137a5d0b0cf3,24-mg0,purchase,2019-03-04 17:18:07
2019-03-04 17:20:08,03e8efc8-3220-4139-b371-0df2bbba39a8,24-wg08,purchase,2019-03-04 17:20:08
2019-03-04 17:20:08,03e8efc8-3220-4139-b371-0df2bbba39a8,,purchase,2019-03-04 17:20:08
2019-03-04 17:02:47,6b178e2a-af99-4a8b-93a4-3248125a16bb,llms10,purchase,2019-03-04 17:02:47
2019-03-04 17:02:47,6b178e2a-af99-4a8b-93a4-3248125a16bb,llms07,purchase,2019-03-04 17:02:47
2019-03-04 17:02:47,6b178e2a-af99-4a8b-93a4-3248125a16bb,24-wg0,purchase,2019-03-04 17:02:47
2019-03-04 17:02:47,6b178e2a-af99-4a8b-93a4-3248125a16bb,24-wg08,purchase,2019-03-04 17:02:47
2019-03-04 17:02:47,6b178e2a-af99-4a8b-93a4-3248125a16bb,llmp12,purchase,2019-03-04 17:02:47
2019-03-04 17:02:47,6b178e2a-af99-4a8b-93a4-3248125a16bb,llmp09,purchase,2019-03-04 17:02:47
2019-03-04 17:02:47,6b178e2a-af99-4a8b-93a4-3248125a16bb,llmp09,purchase,2019-03-04 17:02:47
2019-03-04 21:30:57,f8949657-df02-4b7c-b12d-3d1f03ac92e2,llmj11,purchase,2019-03-04 21:30:57
2019-03-04 21:30:57,f8949657-df02-4b7c-b12d-3d1f03ac92e2,24-wg08,purchase,2019-03-04 21:30:57
2019-03-04 21:30:57,f8949657-df02-4b7c-b12d-3d1f03ac92e2,24-mg0,purchase,2019-03-04 21:30:57
2019-03-04 21:52:49,a76d671c-7239-44c2-8f65-1f46e355cb89,llmj11,purchase,2019-03-04 21:52:49
2019-03-04 21:52:49,a76d671c-7239-44c2-8f65-1f46e355cb89,24-ug0,purchase,2019-03-04 21:52:49
2019-03-04 21:52:49,a76d671c-7239-44c2-8f65-1f46e355cb89,24-ug0,purchase,2019-03-04 21:52:49
2019-03-04 21:52:49,a76d671c-7239-44c2-8f65-1f46e355cb89,24-mg0,purchase,2019-03-04 21:52:49
2019-03-04 21:52:49,a76d671c-7239-44c2-8f65-1f46e355cb89,24-ub0,purchase,2019-03-04 21:52:49
2019-03-04 21:26:59,0378d82e-80ae-4a21-9c9b-5cedca9357ac,luma-24-wb0,purchase,2019-03-04 21:26:59
2019-03-04 21:26:59,0378d82e-80ae-4a21-9c9b-5cedca9357ac,llmh12,purchase,2019-03-04 21:26:59
2019-03-04 21:26:59,0378d82e-80ae-4a21-9c9b-5cedca9357ac,llmp10,purchase,2019-03-04 21:26:59
2019-03-04 21:26:59,0378d82e-80ae-4a21-9c9b-5cedca9357ac,24-mg0,purchase,2019-03-04 21:26:59
2019-03-04 21:26:59,0378d82e-80ae-4a21-9c9b-5cedca9357ac,llwb05,purchase,2019-03-04 21:26:59
2019-03-04 21:26:59,0378d82e-80ae-4a21-9c9b-5cedca9357ac,24-wg08,purchase,2019-03-04 21:26:59
2019-03-04 21:29:47,f2a95245-51fa-41b1-827b-31908cfdac95,24-ug0,purchase,2019-03-04 21:29:47
2019-03-04 21:29:47,f2a95245-51fa-41b1-827b-31908cfdac95,24-ug0,purchase,2019-03-04 21:29:47
2019-03-04 21:29:47,f2a95245-51fa-41b1-827b-31908cfdac95,24-ug0,purchase,2019-03-04 21:29:47
2019-03-04 21:29:47,f2a95245-51fa-41b1-827b-31908cfdac95,24-ub0,purchase,2019-03-04 21:29:47
2019-03-04 21:29:47,f2a95245-51fa-41b1-827b-31908cfdac95,llmj03,purchase,2019-03-04 21:29:47
2019-03-04 21:29:47,f2a95245-51fa-41b1-827b-31908cfdac95,llms08,purchase,2019-03-04 21:29:47
2019-03-04 22:36:33,6a8719e9-4cad-480d-949d-bd8342ff820e,24-ug0,purchase,2019-03-04 22:36:33
2019-03-04 22:06:57,bb66b7f9-19e6-4c21-bb8b-49eb84b0f027,llmj03,purchase,2019-03-04 22:06:57
2019-03-04 22:06:57,bb66b7f9-19e6-4c21-bb8b-49eb84b0f027,llwh08,purchase,2019-03-04 22:06:57
2019-03-04 22:06:57,bb66b7f9-19e6-4c21-bb8b-49eb84b0f027,llwh03,purchase,2019-03-04 22:06:57
2019-03-04 22:06:57,bb66b7f9-19e6-4c21-bb8b-49eb84b0f027,24-ug0,purchase,2019-03-04 22:06:57
2019-03-04 22:06:57,bb66b7f9-19e6-4c21-bb8b-49eb84b0f027,24-wb0,purchase,2019-03-04 22:06:57
2019-03-04 22:06:57,bb66b7f9-19e6-4c21-bb8b-49eb84b0f027,llmj06,purchase,2019-03-04 22:06:57
2019-03-04 22:12:34,c72b8d33-d781-4975-81fb-46d1d7174f71,llwh03,purchase,2019-03-04 22:12:34
2019-03-04 22:12:34,c72b8d33-d781-4975-81fb-46d1d7174f71,24-wg0,purchase,2019-03-04 22:12:34
2019-03-04 22:12:34,c72b8d33-d781-4975-81fb-46d1d7174f71,24-wg08,purchase,2019-03-04 22:12:34
2019-03-04 22:12:34,c72b8d33-d781-4975-81fb-46d1d7174f71,llmt11,purchase,2019-03-04 22:12:34
2019-03-04 22:12:34,c72b8d33-d781-4975-81fb-46d1d7174f71,llmj03,purchase,2019-03-04 22:12:34
2019-03-04 22:12:34,c72b8d33-d781-4975-81fb-46d1d7174f71,llmsh09,purchase,2019-03-04 22:12:34
2019-03-04 22:12:34,c72b8d33-d781-4975-81fb-46d1d7174f71,llmp09,purchase,2019-03-04 22:12:34
2019-03-04 22:12:34,c72b8d33-d781-4975-81fb-46d1d7174f71,llmj10,purchase,2019-03-04 22:12:34
2019-03-04 18:11:48,612c66a8-dc44-4ee9-b88a-3b61e2135ca0,llms10,purchase,2019-03-04 18:11:48
2019-03-04 18:11:48,612c66a8-dc44-4ee9-b88a-3b61e2135ca0,llms07,purchase,2019-03-04 18:11:48
2019-03-04 18:11:48,612c66a8-dc44-4ee9-b88a-3b61e2135ca0,24-ug0,purchase,2019-03-04 18:11:48
2019-03-04 18:11:48,612c66a8-dc44-4ee9-b88a-3b61e2135ca0,llmp10,purchase,2019-03-04 18:11:48
2019-03-04 18:11:48,612c66a8-dc44-4ee9-b88a-3b61e2135ca0,24-wb0,purchase,2019-03-04 18:11:48
2019-03-04 18:33:06,158ebf8e-d848-4751-901a-7ecc86699716,llwsh09,purchase,2019-03-04 18:33:06
2019-03-04 18:33:06,158ebf8e-d848-4751-901a-7ecc86699716,llwsh10,purchase,2019-03-04 18:33:06
2019-03-04 18:33:06,158ebf8e-d848-4751-901a-7ecc86699716,llwsh12,purchase,2019-03-04 18:33:06
2019-03-04 18:33:06,158ebf8e-d848-4751-901a-7ecc86699716,luma-wt09,purchase,2019-03-04 18:33:06
2019-03-04 18:33:06,158ebf8e-d848-4751-901a-7ecc86699716,llwh05,purchase,2019-03-04 18:33:06
2019-03-04 18:55:02,b41979a3-3aa0-46ea-abdd-65e34d090343,llmj03,purchase,2019-03-04 18:55:02
2019-03-04 18:55:02,b41979a3-3aa0-46ea-abdd-65e34d090343,luma-24-wg08,purchase,2019-03-04 18:55:02
2019-03-04 18:55:02,b41979a3-3aa0-46ea-abdd-65e34d090343,24-ub0,purchase,2019-03-04 18:55:02
2019-03-04 18:55:02,b41979a3-3aa0-46ea-abdd-65e34d090343,llws05,purchase,2019-03-04 18:55:02
2019-03-04 18:55:02,b41979a3-3aa0-46ea-abdd-65e34d090343,llmp11,purchase,2019-03-04 18:55:02
2019-03-04 18:55:02,b41979a3-3aa0-46ea-abdd-65e34d090343,llms02,purchase,2019-03-04 18:55:02
2019-03-04 18:55:02,b41979a3-3aa0-46ea-abdd-65e34d090343,24-wg08,purchase,2019-03-04 18:55:02
2019-03-04 18:55:02,b41979a3-3aa0-46ea-abdd-65e34d090343,luma-24-wb0,purchase,2019-03-04 18:55:02
2019-03-04 19:57:44,695e3a07-f645-40e9-a403-4e1e9c127ffe,llmp12,purchase,2019-03-04 19:57:44
2019-03-04 19:57:44,695e3a07-f645-40e9-a403-4e1e9c127ffe,24-mg0,purchase,2019-03-04 19:57:44
2019-03-04 19:57:44,695e3a07-f645-40e9-a403-4e1e9c127ffe,24-wg08,purchase,2019-03-04 19:57:44
2019-03-04 19:57:44,695e3a07-f645-40e9-a403-4e1e9c127ffe,luma-24-wb0,purchase,2019-03-04 19:57:44
2019-03-04 19:23:57,6d74c4df-6b8a-4fdd-af6f-19fdc5c4a5db,24-ug0,purchase,2019-03-04 19:23:57
2019-03-04 19:23:57,6d74c4df-6b8a-4fdd-af6f-19fdc5c4a5db,24-ug0,purchase,2019-03-04 19:23:57
2019-03-04 19:23:57,6d74c4df-6b8a-4fdd-af6f-19fdc5c4a5db,llmt10,purchase,2019-03-04 19:23:57
2019-03-04 19:23:57,6d74c4df-6b8a-4fdd-af6f-19fdc5c4a5db,llwp10,purchase,2019-03-04 19:23:57
2019-03-04 19:23:57,6d74c4df-6b8a-4fdd-af6f-19fdc5c4a5db,llwb05,purchase,2019-03-04 19:23:57
2019-03-04 19:23:57,6d74c4df-6b8a-4fdd-af6f-19fdc5c4a5db,24-wg08,purchase,2019-03-04 19:23:57
2019-03-04 19:23:57,6d74c4df-6b8a-4fdd-af6f-19fdc5c4a5db,luma-24-wg08,purchase,2019-03-04 19:23:57
2019-03-04 19:23:57,6d74c4df-6b8a-4fdd-af6f-19fdc5c4a5db,llmj10,purchase,2019-03-04 19:23:57
2019-03-04 19:23:57,6d74c4df-6b8a-4fdd-af6f-19fdc5c4a5db,llmj10,purchase,2019-03-04 19:23:57
2019-03-04 19:23:57,6d74c4df-6b8a-4fdd-af6f-19fdc5c4a5db,llmj10,purchase,2019-03-04 19:23:57
2019-03-04 23:32:54,88b39a28-4b28-44bb-b839-aac1da262273,llmj11,purchase,2019-03-04 23:32:54
2019-03-04 23:32:54,88b39a28-4b28-44bb-b839-aac1da262273,24-ug0,purchase,2019-03-04 23:32:54
2019-03-04 23:32:54,88b39a28-4b28-44bb-b839-aac1da262273,llmt12,purchase,2019-03-04 23:32:54
2019-03-04 23:32:54,88b39a28-4b28-44bb-b839-aac1da262273,llmh12,purchase,2019-03-04 23:32:54
2019-03-04 23:39:46,59ac78ea-5737-44de-8a8b-610149c2966b,llwh07,purchase,2019-03-04 23:39:46
2019-03-04 23:39:46,59ac78ea-5737-44de-8a8b-610149c2966b,llwh11,purchase,2019-03-04 23:39:46
2019-03-04 23:39:46,59ac78ea-5737-44de-8a8b-610149c2966b,llwh04,purchase,2019-03-04 23:39:46
2019-03-04 23:39:46,59ac78ea-5737-44de-8a8b-610149c2966b,llmsh32-3,purchase,2019-03-04 23:39:46
2019-03-04 23:39:46,59ac78ea-5737-44de-8a8b-610149c2966b,llmsh11,purchase,2019-03-04 23:39:46
2019-03-04 23:39:46,59ac78ea-5737-44de-8a8b-610149c2966b,llmsh10,purchase,2019-03-04 23:39:46
2019-03-04 20:07:55,c6ce050e-fada-4573-859a-3cbff8942e5f,24-mg0,purchase,2019-03-04 20:07:55
2019-03-04 20:52:02,c1db1863-c616-41e8-988f-3bbef4acd3b2,llwp11,purchase,2019-03-04 20:52:02
2019-03-04 20:52:02,c1db1863-c616-41e8-988f-3bbef4acd3b2,llwp12,purchase,2019-03-04 20:52:02
2019-03-04 20:52:02,c1db1863-c616-41e8-988f-3bbef4acd3b2,llwp12,purchase,2019-03-04 20:52:02
2019-03-04 20:52:02,c1db1863-c616-41e8-988f-3bbef4acd3b2,llwp12,purchase,2019-03-04 20:52:02
2019-03-04 20:52:02,c1db1863-c616-41e8-988f-3bbef4acd3b2,llwh06,purchase,2019-03-04 20:52:02
2019-03-04 20:52:02,c1db1863-c616-41e8-988f-3bbef4acd3b2,24-ug0,purchase,2019-03-04 20:52:02
2019-03-04 15:01:46,e71a5dd9-8d00-4829-8ff2-0015b6cb1473,24-ug0,purchase,2019-03-04 15:01:46
2019-03-04 15:01:46,e71a5dd9-8d00-4829-8ff2-0015b6cb1473,24-wg08,purchase,2019-03-04 15:01:46
2019-03-05 01:19:47,8de3d82c-62f3-4c22-8872-586bde8ab054,llms10,purchase,2019-03-05 01:19:47
2019-03-05 01:26:31,ae79a893-7c9d-4d4e-b651-d55393e65335,24-ug0,purchase,2019-03-05 01:26:31
2019-03-05 01:26:31,ae79a893-7c9d-4d4e-b651-d55393e65335,24-ug0,purchase,2019-03-05 01:26:31
2019-03-05 01:26:31,ae79a893-7c9d-4d4e-b651-d55393e65335,24-ug0,purchase,2019-03-05 01:26:31
2019-03-05 01:16:54,bff1778e-7730-4458-9cbf-5f266de48f07,llmj06,purchase,2019-03-05 01:16:54
2019-03-05 01:16:54,bff1778e-7730-4458-9cbf-5f266de48f07,llmp12,purchase,2019-03-05 01:16:54
2019-03-05 01:16:54,bff1778e-7730-4458-9cbf-5f266de48f07,24-mg0,purchase,2019-03-05 01:16:54
2019-03-05 01:16:54,bff1778e-7730-4458-9cbf-5f266de48f07,24-wb0,purchase,2019-03-05 01:16:54
2019-03-05 01:16:54,bff1778e-7730-4458-9cbf-5f266de48f07,llwj06,purchase,2019-03-05 01:16:54
2019-03-05 01:16:54,bff1778e-7730-4458-9cbf-5f266de48f07,llms10,purchase,2019-03-05 01:16:54
2019-03-05 01:16:54,bff1778e-7730-4458-9cbf-5f266de48f07,llms07,purchase,2019-03-05 01:16:54
2019-03-05 16:40:18,2cbd5b58-72ef-48a6-978f-42b861f5b727,llwp10,purchase,2019-03-05 16:40:18
2019-03-05 16:40:18,2cbd5b58-72ef-48a6-978f-42b861f5b727,,purchase,2019-03-05 16:40:18
2019-03-05 16:42:59,660005a5-a458-47e4-96f0-5e3691aa0d31,24-ug0,purchase,2019-03-05 16:42:59
2019-03-05 16:58:30,58503eef-de5c-48f2-bbe0-2ffefdb244f3,llwp13,purchase,2019-03-05 16:58:30
2019-03-05 16:58:30,58503eef-de5c-48f2-bbe0-2ffefdb244f3,llwj0,purchase,2019-03-05 16:58:30
2019-03-05 16:58:30,58503eef-de5c-48f2-bbe0-2ffefdb244f3,llwh10,purchase,2019-03-05 16:58:30
2019-03-05 16:58:30,58503eef-de5c-48f2-bbe0-2ffefdb244f3,llwh12,purchase,2019-03-05 16:58:30
2019-03-05 16:58:30,58503eef-de5c-48f2-bbe0-2ffefdb244f3,llwh03,purchase,2019-03-05 16:58:30
2019-03-05 16:58:30,58503eef-de5c-48f2-bbe0-2ffefdb244f3,llwp12,purchase,2019-03-05 16:58:30
2019-03-05 16:58:30,58503eef-de5c-48f2-bbe0-2ffefdb244f3,llwp12,purchase,2019-03-05 16:58:30
2019-03-05 16:47:03,914c2815-6b1a-4280-be4a-c18fee926c9b,24-wb0,purchase,2019-03-05 16:47:03
2019-03-05 16:47:03,914c2815-6b1a-4280-be4a-c18fee926c9b,luma-24-wb0,purchase,2019-03-05 16:47:03
2019-03-05 16:47:03,914c2815-6b1a-4280-be4a-c18fee926c9b,luma-24-mb0,purchase,2019-03-05 16:47:03
2019-03-05 16:36:02,74c66314-1ae7-435c-ba3c-e0b5443f4877,24-wg08,purchase,2019-03-05 16:36:02
2019-03-05 16:36:02,74c66314-1ae7-435c-ba3c-e0b5443f4877,24-ug0,purchase,2019-03-05 16:36:02
2019-03-05 17:25:22,4d7fdb25-d3e4-4775-8369-b6f74c89b7e1,24-wb0,purchase,2019-03-05 17:25:22
2019-03-05 17:25:22,4d7fdb25-d3e4-4775-8369-b6f74c89b7e1,24-ug0,purchase,2019-03-05 17:25:22
2019-03-05 17:25:22,4d7fdb25-d3e4-4775-8369-b6f74c89b7e1,24-wg0,purchase,2019-03-05 17:25:22
2019-03-05 17:25:22,4d7fdb25-d3e4-4775-8369-b6f74c89b7e1,24-wg0,purchase,2019-03-05 17:25:22
2019-03-05 17:18:31,9eb5c127-1b2e-4ea0-8598-5d99093ac5bb,24-ug0,purchase,2019-03-05 17:18:31
2019-03-05 17:20:29,59e9c16c-82e0-4c23-937d-76b1944d9686,llmh12,purchase,2019-03-05 17:20:29
2019-03-05 17:20:29,59e9c16c-82e0-4c23-937d-76b1944d9686,llmj10,purchase,2019-03-05 17:20:29
2019-03-05 17:20:29,59e9c16c-82e0-4c23-937d-76b1944d9686,24-wg08,purchase,2019-03-05 17:20:29
2019-03-05 17:20:29,59e9c16c-82e0-4c23-937d-76b1944d9686,24-wg08,purchase,2019-03-05 17:20:29
2019-03-05 17:20:29,59e9c16c-82e0-4c23-937d-76b1944d9686,24-ug0,purchase,2019-03-05 17:20:29
2019-03-05 17:20:29,59e9c16c-82e0-4c23-937d-76b1944d9686,24-ug0,purchase,2019-03-05 17:20:29
2019-03-05 17:53:43,bce823d2-0f28-4710-96ec-c7d4b9ec5a06,llms02,purchase,2019-03-05 17:53:43
2019-03-05 17:53:43,bce823d2-0f28-4710-96ec-c7d4b9ec5a06,llms07,purchase,2019-03-05 17:53:43
2019-03-05 17:53:43,bce823d2-0f28-4710-96ec-c7d4b9ec5a06,llmj10,purchase,2019-03-05 17:53:43
2019-03-05 17:53:43,bce823d2-0f28-4710-96ec-c7d4b9ec5a06,llmj12,purchase,2019-03-05 17:53:43
2019-03-05 17:53:43,bce823d2-0f28-4710-96ec-c7d4b9ec5a06,llmsh32-3,purchase,2019-03-05 17:53:43
2019-03-05 22:15:40,d07577c4-eafe-4271-b145-15081054974f,24-mg0,purchase,2019-03-05 22:15:40
2019-03-05 22:15:40,d07577c4-eafe-4271-b145-15081054974f,24-wg0,purchase,2019-03-05 22:15:40
2019-03-05 22:17:23,b3c4e540-cc05-43ae-9f0e-5e7fd862ad10,luma-24-mb0,purchase,2019-03-05 22:17:23
2019-03-05 22:17:23,b3c4e540-cc05-43ae-9f0e-5e7fd862ad10,24-wg08,purchase,2019-03-05 22:17:23
2019-03-05 22:18:28,1b66c4de-1acf-444c-ab87-740f99807320,luma-24-wb0,purchase,2019-03-05 22:18:28
2019-03-05 22:18:28,1b66c4de-1acf-444c-ab87-740f99807320,luma-24-wg08,purchase,2019-03-05 22:18:28
2019-03-05 22:18:28,1b66c4de-1acf-444c-ab87-740f99807320,24-ug0,purchase,2019-03-05 22:18:28
2019-03-05 22:19:58,ed3f8a98-f3ce-475e-984e-654c0c2ff2fa,24-ug0,purchase,2019-03-05 22:19:58
2019-03-05 22:19:58,ed3f8a98-f3ce-475e-984e-654c0c2ff2fa,luma-24-wb0,purchase,2019-03-05 22:19:58
2019-03-05 22:15:03,fd27bb1c-f8e5-4b59-bee4-9b206d7e51dd,24-wg0,purchase,2019-03-05 22:15:03
2019-03-05 22:15:03,fd27bb1c-f8e5-4b59-bee4-9b206d7e51dd,llwp10,purchase,2019-03-05 22:15:03
2019-03-05 02:41:31,a8b845ea-7bb3-4d8d-b568-4d4273a5edec,llmj10,purchase,2019-03-05 02:41:31
2019-03-05 02:41:31,a8b845ea-7bb3-4d8d-b568-4d4273a5edec,24-ug0,purchase,2019-03-05 02:41:31
2019-03-05 02:41:31,a8b845ea-7bb3-4d8d-b568-4d4273a5edec,24-ug0,purchase,2019-03-05 02:41:31
2019-03-05 02:41:31,a8b845ea-7bb3-4d8d-b568-4d4273a5edec,24-wg08,purchase,2019-03-05 02:41:31
2019-03-05 02:41:31,a8b845ea-7bb3-4d8d-b568-4d4273a5edec,llmsh08,purchase,2019-03-05 02:41:31
2019-03-05 04:26:56,600580bf-61e6-4b6c-8b4f-bc0e07d17caa,llwh11,purchase,2019-03-05 04:26:56
2019-03-05 04:26:56,600580bf-61e6-4b6c-8b4f-bc0e07d17caa,llmh12,purchase,2019-03-05 04:26:56
2019-03-05 04:26:56,600580bf-61e6-4b6c-8b4f-bc0e07d17caa,llmh10,purchase,2019-03-05 04:26:56
2019-03-05 04:26:56,600580bf-61e6-4b6c-8b4f-bc0e07d17caa,24-ug0,purchase,2019-03-05 04:26:56
2019-03-05 04:26:56,600580bf-61e6-4b6c-8b4f-bc0e07d17caa,luma-24-wg08,purchase,2019-03-05 04:26:56
2019-03-05 04:26:56,600580bf-61e6-4b6c-8b4f-bc0e07d17caa,24-ug0,purchase,2019-03-05 04:26:56
2019-03-05 04:26:56,600580bf-61e6-4b6c-8b4f-bc0e07d17caa,24-ug0,purchase,2019-03-05 04:26:56
2019-03-05 04:37:27,a9cf06ee-72f8-4370-b0c6-44800421dc89,llmj03,purchase,2019-03-05 04:37:27
2019-03-05 04:37:27,a9cf06ee-72f8-4370-b0c6-44800421dc89,llmt10,purchase,2019-03-05 04:37:27
2019-03-05 04:37:27,a9cf06ee-72f8-4370-b0c6-44800421dc89,llmj12,purchase,2019-03-05 04:37:27
2019-03-05 04:37:27,a9cf06ee-72f8-4370-b0c6-44800421dc89,llmh10,purchase,2019-03-05 04:37:27
2019-03-05 04:37:27,a9cf06ee-72f8-4370-b0c6-44800421dc89,llms10,purchase,2019-03-05 04:37:27
2019-03-05 07:14:00,10b7a453-565b-4f4f-bb7e-724bb875bcd7,llmsh11,purchase,2019-03-05 07:14:00
2019-03-05 07:14:00,10b7a453-565b-4f4f-bb7e-724bb875bcd7,llmp08,purchase,2019-03-05 07:14:00
2019-03-05 07:14:00,10b7a453-565b-4f4f-bb7e-724bb875bcd7,llms07,purchase,2019-03-05 07:14:00
2019-03-05 07:00:13,2e8224c5-9537-4a37-ac7c-91d138dbc07a,llmj10,purchase,2019-03-05 07:00:13
2019-03-05 07:00:13,2e8224c5-9537-4a37-ac7c-91d138dbc07a,llmj11,purchase,2019-03-05 07:00:13
2019-03-05 07:00:13,2e8224c5-9537-4a37-ac7c-91d138dbc07a,llmsh32-3,purchase,2019-03-05 07:00:13
2019-03-05 10:39:59,b24af077-01ab-4d4a-baa6-d8b015e98e33,llmh10,purchase,2019-03-05 10:39:59
2019-03-05 10:39:59,b24af077-01ab-4d4a-baa6-d8b015e98e33,llmh13,purchase,2019-03-05 10:39:59
2019-03-05 10:39:59,b24af077-01ab-4d4a-baa6-d8b015e98e33,llwp12,purchase,2019-03-05 10:39:59
2019-03-06 00:21:18,1eb200eb-1c24-485c-96ae-b6b248ff8128,llwb04,purchase,2019-03-06 00:21:18
2019-03-06 00:21:18,1eb200eb-1c24-485c-96ae-b6b248ff8128,llwh09,purchase,2019-03-06 00:21:18
2019-03-06 19:35:40,6aade7e6-2363-4b7a-888f-cc64eed5a519,24-wg08,purchase,2019-03-06 19:35:40
2019-03-06 19:18:50,fdedb2ed-91b6-443f-8fda-b21ab07092b1,luma-24-wb0,purchase,2019-03-06 19:18:50
2019-03-06 19:40:46,5f2d4b48-917d-4d8d-b4c1-fabdab02400e,luma-24-wb0,purchase,2019-03-06 19:40:46
2019-03-06 18:47:52,d4e9c6ab-3906-4831-9d57-ca29010c1f79,luma-24-wb0,purchase,2019-03-06 18:47:52
2019-03-06 18:47:52,d4e9c6ab-3906-4831-9d57-ca29010c1f79,24-wg08,purchase,2019-03-06 18:47:52
2019-03-06 18:49:02,a451af73-fecc-4567-a57f-78ffa3135dd0,luma-24-wg08,purchase,2019-03-06 18:49:02
2019-03-06 18:56:18,22ea3676-3166-4857-813c-9d1e5bef4a3f,24-ub0,purchase,2019-03-06 18:56:18
2019-03-06 15:30:25,c4500493-c5dc-4292-8550-f6fd2204d2b7,llmj10,purchase,2019-03-06 15:30:25
2019-03-06 15:30:25,c4500493-c5dc-4292-8550-f6fd2204d2b7,llmj06,purchase,2019-03-06 15:30:25
2019-03-06 15:30:25,c4500493-c5dc-4292-8550-f6fd2204d2b7,24-ug0,purchase,2019-03-06 15:30:25
2019-03-06 15:30:25,c4500493-c5dc-4292-8550-f6fd2204d2b7,24-mg0,purchase,2019-03-06 15:30:25
2019-03-06 15:51:49,d9064f57-bd49-4939-8b18-859d52d2c36d,llmsh10,purchase,2019-03-06 15:51:49
2019-03-06 15:51:49,d9064f57-bd49-4939-8b18-859d52d2c36d,24-mg0,purchase,2019-03-06 15:51:49
2019-03-06 15:51:43,c8c46db9-9c32-4289-9802-3160a19f17d2,llws05,purchase,2019-03-06 15:51:43
2019-03-06 15:51:43,c8c46db9-9c32-4289-9802-3160a19f17d2,llwh08,purchase,2019-03-06 15:51:43
2019-03-06 15:51:43,c8c46db9-9c32-4289-9802-3160a19f17d2,llwsh12,purchase,2019-03-06 15:51:43
2019-03-06 15:51:43,c8c46db9-9c32-4289-9802-3160a19f17d2,24-wb0,purchase,2019-03-06 15:51:43
2019-03-06 15:51:43,c8c46db9-9c32-4289-9802-3160a19f17d2,24-ug0,purchase,2019-03-06 15:51:43
2019-03-06 23:01:06,e289c1a2-ed3d-4793-a093-c8b6132e64ea,llmj03,purchase,2019-03-06 23:01:06
2019-03-06 23:01:06,e289c1a2-ed3d-4793-a093-c8b6132e64ea,luma-24-mb0,purchase,2019-03-06 23:01:06
2019-03-06 06:52:53,38a3f749-acb1-4213-b856-c993fb8d916c,llwj11,purchase,2019-03-06 06:52:53
2019-03-06 14:05:50,449fb6eb-f810-4d41-a826-eeffc2552d8c,24-mg0,purchase,2019-03-06 14:05:50
2019-03-06 14:05:50,449fb6eb-f810-4d41-a826-eeffc2552d8c,24-wb0,purchase,2019-03-06 14:05:50
2019-03-06 14:05:50,449fb6eb-f810-4d41-a826-eeffc2552d8c,24-ug0,purchase,2019-03-06 14:05:50
2019-03-06 14:05:50,449fb6eb-f810-4d41-a826-eeffc2552d8c,llmh12,purchase,2019-03-06 14:05:50
2019-03-06 14:05:50,449fb6eb-f810-4d41-a826-eeffc2552d8c,24-ug0,purchase,2019-03-06 14:05:50
2019-03-06 20:09:12,61c29336-8ec7-45f9-b1f8-b21df5fdcb60,24-wg08,purchase,2019-03-06 20:09:12
2019-03-06 21:51:45,fd89f322-7aec-40c9-9f7f-4d4dbad8bc48,llms10,purchase,2019-03-06 21:51:45
2019-03-06 13:24:51,d92f3dec-92e1-4015-b68e-f42047a8f3d9,llmsh09,purchase,2019-03-06 13:24:51
2019-03-07 17:23:34,467fb816-f998-45af-90f3-f896c5b31f12,llmp12,purchase,2019-03-07 17:23:34
2019-03-07 17:23:34,467fb816-f998-45af-90f3-f896c5b31f12,llmp08,purchase,2019-03-07 17:23:34
2019-03-07 17:23:34,467fb816-f998-45af-90f3-f896c5b31f12,llmh10,purchase,2019-03-07 17:23:34
2019-03-07 17:23:34,467fb816-f998-45af-90f3-f896c5b31f12,llmj06,purchase,2019-03-07 17:23:34
2019-03-07 17:23:34,467fb816-f998-45af-90f3-f896c5b31f12,llms07,purchase,2019-03-07 17:23:34
2019-03-07 17:23:34,467fb816-f998-45af-90f3-f896c5b31f12,luma-24-wg08,purchase,2019-03-07 17:23:34
2019-03-07 17:23:34,467fb816-f998-45af-90f3-f896c5b31f12,24-wg08,purchase,2019-03-07 17:23:34
2019-03-07 17:23:34,467fb816-f998-45af-90f3-f896c5b31f12,24-ug0,purchase,2019-03-07 17:23:34
2019-03-07 17:59:58,cf1b9307-aaaa-4c37-bf93-47131c1faf94,llms07,purchase,2019-03-07 17:59:58
2019-03-07 17:59:58,cf1b9307-aaaa-4c37-bf93-47131c1faf94,llmh11,purchase,2019-03-07 17:59:58
2019-03-07 17:59:58,cf1b9307-aaaa-4c37-bf93-47131c1faf94,llms10,purchase,2019-03-07 17:59:58
2019-03-07 17:59:58,cf1b9307-aaaa-4c37-bf93-47131c1faf94,24-wg0,purchase,2019-03-07 17:59:58
2019-03-07 17:26:28,9b0c862d-8b1a-46e3-b278-867e1ea9e013,24-ug0,purchase,2019-03-07 17:26:28
2019-03-07 17:26:28,9b0c862d-8b1a-46e3-b278-867e1ea9e013,24-ug0,purchase,2019-03-07 17:26:28
2019-03-07 17:26:28,9b0c862d-8b1a-46e3-b278-867e1ea9e013,luma-24-mb0,purchase,2019-03-07 17:26:28
2019-03-07 17:26:28,9b0c862d-8b1a-46e3-b278-867e1ea9e013,llmh12,purchase,2019-03-07 17:26:28
2019-03-07 17:26:28,9b0c862d-8b1a-46e3-b278-867e1ea9e013,llwh08,purchase,2019-03-07 17:26:28
2019-03-07 17:26:28,9b0c862d-8b1a-46e3-b278-867e1ea9e013,llws12,purchase,2019-03-07 17:26:28
2019-03-07 17:26:28,9b0c862d-8b1a-46e3-b278-867e1ea9e013,llws10,purchase,2019-03-07 17:26:28
2019-03-07 17:37:17,92d6f3d7-02dd-4ecb-9fd0-3fb2c0004fa8,24-mg0,purchase,2019-03-07 17:37:17
2019-03-07 17:37:17,92d6f3d7-02dd-4ecb-9fd0-3fb2c0004fa8,llwp13,purchase,2019-03-07 17:37:17
2019-03-07 17:37:17,92d6f3d7-02dd-4ecb-9fd0-3fb2c0004fa8,llmt09,purchase,2019-03-07 17:37:17
2019-03-07 17:59:42,b5055a91-e230-4f36-af3d-6da696e9fc63,llwh05,purchase,2019-03-07 17:59:42
2019-03-07 17:59:42,b5055a91-e230-4f36-af3d-6da696e9fc63,llwp10,purchase,2019-03-07 17:59:42
2019-03-07 17:59:42,b5055a91-e230-4f36-af3d-6da696e9fc63,24-wb0,purchase,2019-03-07 17:59:42
2019-03-07 17:59:42,b5055a91-e230-4f36-af3d-6da696e9fc63,24-wg0,purchase,2019-03-07 17:59:42
2019-03-07 17:59:42,b5055a91-e230-4f36-af3d-6da696e9fc63,24-ug0,purchase,2019-03-07 17:59:42
2019-03-07 17:59:42,b5055a91-e230-4f36-af3d-6da696e9fc63,24-ug0,purchase,2019-03-07 17:59:42
2019-03-07 17:59:42,b5055a91-e230-4f36-af3d-6da696e9fc63,24-ug0,purchase,2019-03-07 17:59:42
2019-03-07 17:33:38,aa870248-f3b0-42e5-bba0-9128bab582a7,24-mg0,purchase,2019-03-07 17:33:38
2019-03-07 17:37:04,c56afd75-99eb-4a5f-9cc2-ee119dc4c9fe,llmh12,purchase,2019-03-07 17:37:04
2019-03-07 17:37:04,c56afd75-99eb-4a5f-9cc2-ee119dc4c9fe,llmp08,purchase,2019-03-07 17:37:04
2019-03-07 17:37:04,c56afd75-99eb-4a5f-9cc2-ee119dc4c9fe,llmj06,purchase,2019-03-07 17:37:04
2019-03-07 17:37:04,c56afd75-99eb-4a5f-9cc2-ee119dc4c9fe,llmj03,purchase,2019-03-07 17:37:04
2019-03-07 17:26:10,b4c24f37-4f6d-4f31-a58e-447dcc1161e3,llms07,purchase,2019-03-07 17:26:10
2019-03-07 17:25:45,e1d313ce-71f8-4911-8ff9-ee4a0bb14688,llmj10,purchase,2019-03-07 17:25:45
2019-03-07 17:25:45,e1d313ce-71f8-4911-8ff9-ee4a0bb14688,llmsh32-3,purchase,2019-03-07 17:25:45
2019-03-07 17:25:45,e1d313ce-71f8-4911-8ff9-ee4a0bb14688,24-wg0,purchase,2019-03-07 17:25:45
2019-03-07 17:25:45,e1d313ce-71f8-4911-8ff9-ee4a0bb14688,llms10,purchase,2019-03-07 17:25:45
2019-03-07 17:45:36,2c71fbee-283b-4cb5-bf58-f7d58bccc0d5,llwh10,purchase,2019-03-07 17:45:36
2019-03-07 17:45:36,2c71fbee-283b-4cb5-bf58-f7d58bccc0d5,llwh06,purchase,2019-03-07 17:45:36
2019-03-07 17:45:36,2c71fbee-283b-4cb5-bf58-f7d58bccc0d5,llwt08,purchase,2019-03-07 17:45:36
2019-03-07 17:45:36,2c71fbee-283b-4cb5-bf58-f7d58bccc0d5,llwsh11,purchase,2019-03-07 17:45:36
2019-03-07 17:45:36,2c71fbee-283b-4cb5-bf58-f7d58bccc0d5,llwsh10,purchase,2019-03-07 17:45:36
2019-03-07 17:44:23,05c491ef-06e6-4740-9d7d-746572955598,llmj03,purchase,2019-03-07 17:44:23
2019-03-07 17:44:23,05c491ef-06e6-4740-9d7d-746572955598,24-ug0,purchase,2019-03-07 17:44:23
2019-03-07 17:44:23,05c491ef-06e6-4740-9d7d-746572955598,llmh12,purchase,2019-03-07 17:44:23
2019-03-07 17:44:23,05c491ef-06e6-4740-9d7d-746572955598,llmt08,purchase,2019-03-07 17:44:23
2019-03-07 17:44:23,05c491ef-06e6-4740-9d7d-746572955598,llmsh12,purchase,2019-03-07 17:44:23
2019-03-07 17:20:35,5903aaad-2e57-48ab-89df-7028a666eb4e,24-mg0,purchase,2019-03-07 17:20:35
2019-03-07 17:20:35,5903aaad-2e57-48ab-89df-7028a666eb4e,llmp09,purchase,2019-03-07 17:20:35
2019-03-07 17:20:35,5903aaad-2e57-48ab-89df-7028a666eb4e,24-wb0,purchase,2019-03-07 17:20:35
2019-03-07 17:20:35,5903aaad-2e57-48ab-89df-7028a666eb4e,24-ug0,purchase,2019-03-07 17:20:35
2019-03-07 17:20:35,5903aaad-2e57-48ab-89df-7028a666eb4e,llwh07,purchase,2019-03-07 17:20:35
2019-03-07 17:20:35,5903aaad-2e57-48ab-89df-7028a666eb4e,24-mg0,purchase,2019-03-07 17:20:35
2019-03-07 17:20:35,5903aaad-2e57-48ab-89df-7028a666eb4e,luma-24-wg08,purchase,2019-03-07 17:20:35
2019-03-07 17:20:35,5903aaad-2e57-48ab-89df-7028a666eb4e,luma-24-wb0,purchase,2019-03-07 17:20:35
2019-03-07 17:27:11,6c315d47-1367-484f-9e8d-cc080c64f893,llmsh32-3,purchase,2019-03-07 17:27:11
2019-03-07 17:27:11,6c315d47-1367-484f-9e8d-cc080c64f893,llmsh08,purchase,2019-03-07 17:27:11
2019-03-07 17:27:11,6c315d47-1367-484f-9e8d-cc080c64f893,24-wb0,purchase,2019-03-07 17:27:11
2019-03-07 17:27:11,6c315d47-1367-484f-9e8d-cc080c64f893,llmh09,purchase,2019-03-07 17:27:11
2019-03-07 17:27:11,6c315d47-1367-484f-9e8d-cc080c64f893,llmj03,purchase,2019-03-07 17:27:11
2019-03-07 17:19:26,a049d21a-40c9-4744-901a-7cb01105f647,24-ug0,purchase,2019-03-07 17:19:26
2019-03-07 17:19:26,a049d21a-40c9-4744-901a-7cb01105f647,24-mg0,purchase,2019-03-07 17:19:26
2019-03-07 17:19:26,a049d21a-40c9-4744-901a-7cb01105f647,24-wg0,purchase,2019-03-07 17:19:26
2019-03-07 17:19:26,a049d21a-40c9-4744-901a-7cb01105f647,24-wg08,purchase,2019-03-07 17:19:26
2019-03-07 17:19:26,a049d21a-40c9-4744-901a-7cb01105f647,llmj03,purchase,2019-03-07 17:19:26
2019-03-07 17:40:05,cfeb7071-9933-455c-b62f-5350baf06951,llms10,purchase,2019-03-07 17:40:05
2019-03-07 17:40:05,cfeb7071-9933-455c-b62f-5350baf06951,llmj10,purchase,2019-03-07 17:40:05
2019-03-07 17:40:05,cfeb7071-9933-455c-b62f-5350baf06951,llmp10,purchase,2019-03-07 17:40:05
2019-03-07 17:40:05,cfeb7071-9933-455c-b62f-5350baf06951,24-ug0,purchase,2019-03-07 17:40:05
2019-03-07 17:40:05,cfeb7071-9933-455c-b62f-5350baf06951,24-wg08,purchase,2019-03-07 17:40:05
2019-03-07 17:40:05,cfeb7071-9933-455c-b62f-5350baf06951,24-mg0,purchase,2019-03-07 17:40:05
2019-03-07 17:33:33,7d490648-f37b-4495-a29d-76fe2dd01472,luma-24-mb0,purchase,2019-03-07 17:33:33
2019-03-07 17:33:33,7d490648-f37b-4495-a29d-76fe2dd01472,llms10,purchase,2019-03-07 17:33:33
2019-03-07 17:43:59,7589a95f-2316-446d-a6d0-d1800a8471d7,24-ug0,purchase,2019-03-07 17:43:59
2019-03-07 17:43:59,7589a95f-2316-446d-a6d0-d1800a8471d7,llwj10,purchase,2019-03-07 17:43:59
2019-03-07 17:43:59,7589a95f-2316-446d-a6d0-d1800a8471d7,llwj11,purchase,2019-03-07 17:43:59
2019-03-07 18:06:03,5b9a6bca-708d-47c6-9f4d-fafaa2d9403f,24-ug0,purchase,2019-03-07 18:06:03
2019-03-07 18:06:03,5b9a6bca-708d-47c6-9f4d-fafaa2d9403f,24-ug0,purchase,2019-03-07 18:06:03
2019-03-07 18:06:03,5b9a6bca-708d-47c6-9f4d-fafaa2d9403f,24-wg08,purchase,2019-03-07 18:06:03
2019-03-07 18:06:03,5b9a6bca-708d-47c6-9f4d-fafaa2d9403f,24-ug0,purchase,2019-03-07 18:06:03
2019-03-07 18:55:26,775e5299-1f5a-48a4-84c5-fefb59fa6762,llwb05,purchase,2019-03-07 18:55:26
2019-03-07 18:55:26,775e5299-1f5a-48a4-84c5-fefb59fa6762,llwsh12,purchase,2019-03-07 18:55:26
2019-03-07 18:55:26,775e5299-1f5a-48a4-84c5-fefb59fa6762,llws05,purchase,2019-03-07 18:55:26
2019-03-07 18:55:26,775e5299-1f5a-48a4-84c5-fefb59fa6762,24-wb0,purchase,2019-03-07 18:55:26
2019-03-07 18:55:26,775e5299-1f5a-48a4-84c5-fefb59fa6762,llwsh11,purchase,2019-03-07 18:55:26
2019-03-07 18:58:35,4e47833c-6631-4168-a7a8-309dd8f0170c,luma-24-wb0,purchase,2019-03-07 18:58:35
2019-03-07 18:58:35,4e47833c-6631-4168-a7a8-309dd8f0170c,24-wg08,purchase,2019-03-07 18:58:35
2019-03-07 18:58:35,4e47833c-6631-4168-a7a8-309dd8f0170c,24-mg0,purchase,2019-03-07 18:58:35
2019-03-07 18:58:35,4e47833c-6631-4168-a7a8-309dd8f0170c,24-ug0,purchase,2019-03-07 18:58:35
2019-03-07 18:09:06,f1be1386-d5a4-464b-9bc5-680c79c791a0,llmsh12,purchase,2019-03-07 18:09:06
2019-03-07 18:09:06,f1be1386-d5a4-464b-9bc5-680c79c791a0,llmsh12,purchase,2019-03-07 18:09:06
2019-03-07 18:09:06,f1be1386-d5a4-464b-9bc5-680c79c791a0,24-wg0,purchase,2019-03-07 18:09:06
2019-03-07 18:09:06,f1be1386-d5a4-464b-9bc5-680c79c791a0,llmj10,purchase,2019-03-07 18:09:06
2019-03-07 18:09:06,f1be1386-d5a4-464b-9bc5-680c79c791a0,llmj10,purchase,2019-03-07 18:09:06
2019-03-07 18:09:06,f1be1386-d5a4-464b-9bc5-680c79c791a0,llmj12,purchase,2019-03-07 18:09:06
2019-03-07 18:37:22,7f32f019-86fb-44b8-a56c-f7a5ae30ec78,llwh10,purchase,2019-03-07 18:37:22
2019-03-07 18:37:22,7f32f019-86fb-44b8-a56c-f7a5ae30ec78,llwsh12,purchase,2019-03-07 18:37:22
2019-03-07 18:37:22,7f32f019-86fb-44b8-a56c-f7a5ae30ec78,llwj0,purchase,2019-03-07 18:37:22
2019-03-07 18:37:22,7f32f019-86fb-44b8-a56c-f7a5ae30ec78,llwb05,purchase,2019-03-07 18:37:22
2019-03-07 18:02:20,243e19a4-f38a-49de-b758-ef54926bce35,llmh10,purchase,2019-03-07 18:02:20
2019-03-07 18:02:20,243e19a4-f38a-49de-b758-ef54926bce35,24-ug0,purchase,2019-03-07 18:02:20
2019-03-07 18:02:20,243e19a4-f38a-49de-b758-ef54926bce35,llmp11,purchase,2019-03-07 18:02:20
2019-03-07 18:02:20,243e19a4-f38a-49de-b758-ef54926bce35,llmh12,purchase,2019-03-07 18:02:20
2019-03-07 18:02:20,243e19a4-f38a-49de-b758-ef54926bce35,llwj06,purchase,2019-03-07 18:02:20
2019-03-07 18:02:20,243e19a4-f38a-49de-b758-ef54926bce35,llmp12,purchase,2019-03-07 18:02:20
2019-03-07 18:02:20,243e19a4-f38a-49de-b758-ef54926bce35,24-ug0,purchase,2019-03-07 18:02:20
2019-03-07 18:02:20,243e19a4-f38a-49de-b758-ef54926bce35,24-ug0,purchase,2019-03-07 18:02:20
2019-03-07 18:02:20,243e19a4-f38a-49de-b758-ef54926bce35,24-wg08,purchase,2019-03-07 18:02:20
2019-03-07 18:02:20,243e19a4-f38a-49de-b758-ef54926bce35,24-wg08,purchase,2019-03-07 18:02:20
2019-03-07 18:02:20,243e19a4-f38a-49de-b758-ef54926bce35,24-ug0,purchase,2019-03-07 18:02:20
2019-03-07 18:43:04,d8670842-a571-4917-b79a-064c6daf73ab,llwh07,purchase,2019-03-07 18:43:04
2019-03-07 18:43:04,d8670842-a571-4917-b79a-064c6daf73ab,llwj09,purchase,2019-03-07 18:43:04
2019-03-07 18:43:04,d8670842-a571-4917-b79a-064c6daf73ab,llwj06,purchase,2019-03-07 18:43:04
2019-03-07 18:43:04,d8670842-a571-4917-b79a-064c6daf73ab,llwj0,purchase,2019-03-07 18:43:04
2019-03-07 18:43:04,d8670842-a571-4917-b79a-064c6daf73ab,llwp12,purchase,2019-03-07 18:43:04
2019-03-07 18:34:59,ce4f1b5c-6ced-493f-bfc2-9dbd58ceab85,24-ug0,purchase,2019-03-07 18:34:59
2019-03-07 18:34:59,ce4f1b5c-6ced-493f-bfc2-9dbd58ceab85,luma-24-wb0,purchase,2019-03-07 18:34:59
2019-03-07 18:34:59,ce4f1b5c-6ced-493f-bfc2-9dbd58ceab85,24-wg0,purchase,2019-03-07 18:34:59
2019-03-07 18:34:59,ce4f1b5c-6ced-493f-bfc2-9dbd58ceab85,24-wg0,purchase,2019-03-07 18:34:59
2019-03-07 18:34:59,ce4f1b5c-6ced-493f-bfc2-9dbd58ceab85,24-mg0,purchase,2019-03-07 18:34:59
2019-03-07 18:07:36,3db07222-7b0c-471d-bb57-735fd2e30549,llms10,purchase,2019-03-07 18:07:36
2019-03-07 18:19:28,9e127df8-789a-4763-ac09-333f0036d052,llwh10,purchase,2019-03-07 18:19:28
2019-03-07 18:19:28,9e127df8-789a-4763-ac09-333f0036d052,llwsh12,purchase,2019-03-07 18:19:28
2019-03-07 18:19:28,9e127df8-789a-4763-ac09-333f0036d052,llwp12,purchase,2019-03-07 18:19:28
2019-03-07 18:19:28,9e127df8-789a-4763-ac09-333f0036d052,llwj06,purchase,2019-03-07 18:19:28
2019-03-07 18:19:28,9e127df8-789a-4763-ac09-333f0036d052,24-wb0,purchase,2019-03-07 18:19:28
2019-03-07 18:19:28,9e127df8-789a-4763-ac09-333f0036d052,24-ug0,purchase,2019-03-07 18:19:28
2019-03-07 18:19:28,9e127df8-789a-4763-ac09-333f0036d052,luma-24-wg08,purchase,2019-03-07 18:19:28
2019-03-07 18:19:28,9e127df8-789a-4763-ac09-333f0036d052,llwp13,purchase,2019-03-07 18:19:28
2019-03-07 18:48:42,e5390c69-79cc-4f79-94f2-94aa9fdb2367,llmh12,purchase,2019-03-07 18:48:42
2019-03-07 18:48:42,e5390c69-79cc-4f79-94f2-94aa9fdb2367,llms10,purchase,2019-03-07 18:48:42
2019-03-07 18:48:42,e5390c69-79cc-4f79-94f2-94aa9fdb2367,llms10,purchase,2019-03-07 18:48:42
2019-03-07 18:48:42,e5390c69-79cc-4f79-94f2-94aa9fdb2367,llms10,purchase,2019-03-07 18:48:42
2019-03-07 18:25:42,387e8e13-38d2-43c2-a777-f049e928c3f6,llmh12,purchase,2019-03-07 18:25:42
2019-03-07 18:25:42,387e8e13-38d2-43c2-a777-f049e928c3f6,24-ug0,purchase,2019-03-07 18:25:42
2019-03-07 18:25:42,387e8e13-38d2-43c2-a777-f049e928c3f6,llmsh08,purchase,2019-03-07 18:25:42
2019-03-07 18:25:42,387e8e13-38d2-43c2-a777-f049e928c3f6,llmt10,purchase,2019-03-07 18:25:42
2019-03-07 18:25:42,387e8e13-38d2-43c2-a777-f049e928c3f6,24-ug0,purchase,2019-03-07 18:25:42
2019-03-07 18:25:42,387e8e13-38d2-43c2-a777-f049e928c3f6,24-wg08,purchase,2019-03-07 18:25:42
2019-03-07 18:25:42,387e8e13-38d2-43c2-a777-f049e928c3f6,24-ug0,purchase,2019-03-07 18:25:42
2019-03-07 18:13:37,2f42f048-677e-4c8c-94bf-5d531d9d1b01,24-wb0,purchase,2019-03-07 18:13:37
2019-03-07 18:13:37,2f42f048-677e-4c8c-94bf-5d531d9d1b01,24-ub0,purchase,2019-03-07 18:13:37
2019-03-07 18:13:37,2f42f048-677e-4c8c-94bf-5d531d9d1b01,24-wb0,purchase,2019-03-07 18:13:37
2019-03-07 18:13:37,2f42f048-677e-4c8c-94bf-5d531d9d1b01,luma-24-wb0,purchase,2019-03-07 18:13:37
2019-03-07 18:13:37,2f42f048-677e-4c8c-94bf-5d531d9d1b01,luma-24-wb0,purchase,2019-03-07 18:13:37
2019-03-07 21:10:07,392ce050-2eec-425f-9bb3-7d0ad0dfe1e2,24-wg0,purchase,2019-03-07 21:10:07
2019-03-07 21:10:07,392ce050-2eec-425f-9bb3-7d0ad0dfe1e2,24-ug0,purchase,2019-03-07 21:10:07
2019-03-07 21:10:07,392ce050-2eec-425f-9bb3-7d0ad0dfe1e2,llwsh12,purchase,2019-03-07 21:10:07
2019-03-07 21:52:41,aff55bbc-b46f-4b1f-b5ff-a825c6b4ca40,luma-24-mb0,purchase,2019-03-07 21:52:41
2019-03-07 21:52:41,aff55bbc-b46f-4b1f-b5ff-a825c6b4ca40,llwj12-x,purchase,2019-03-07 21:52:41
2019-03-07 21:52:41,aff55bbc-b46f-4b1f-b5ff-a825c6b4ca40,llwj12,purchase,2019-03-07 21:52:41
2019-03-07 21:52:41,aff55bbc-b46f-4b1f-b5ff-a825c6b4ca40,llmj12,purchase,2019-03-07 21:52:41
2019-03-07 21:53:25,cb22baf1-3eb6-4c29-9c7f-cbd6598cf699,24-wg0,purchase,2019-03-07 21:53:25
2019-03-07 21:53:25,cb22baf1-3eb6-4c29-9c7f-cbd6598cf699,24-mg0,purchase,2019-03-07 21:53:25
2019-03-07 21:27:40,1fe1b213-7bd9-4f1b-9dbf-d24195169a36,24-wb0,purchase,2019-03-07 21:27:40
2019-03-07 21:27:40,1fe1b213-7bd9-4f1b-9dbf-d24195169a36,llmj11,purchase,2019-03-07 21:27:40
2019-03-07 21:27:40,1fe1b213-7bd9-4f1b-9dbf-d24195169a36,llmt11,purchase,2019-03-07 21:27:40
2019-03-07 21:27:40,1fe1b213-7bd9-4f1b-9dbf-d24195169a36,llwsh12,purchase,2019-03-07 21:27:40
2019-03-07 21:27:40,1fe1b213-7bd9-4f1b-9dbf-d24195169a36,llwsh12,purchase,2019-03-07 21:27:40
2019-03-07 21:27:40,1fe1b213-7bd9-4f1b-9dbf-d24195169a36,luma-24-wg08,purchase,2019-03-07 21:27:40
2019-03-07 21:00:56,cb6e2536-01ae-46d8-86ed-fd95e0eb15a1,llmh10,purchase,2019-03-07 21:00:56
2019-03-07 21:03:29,feae8678-1089-46c0-85d4-eac9f09c55e1,llms07,purchase,2019-03-07 21:03:29
2019-03-07 20:52:10,e6dc1208-021f-43b8-8903-942f9fc746af,llmj03,purchase,2019-03-07 20:52:10
2019-03-07 20:52:10,e6dc1208-021f-43b8-8903-942f9fc746af,llmh11,purchase,2019-03-07 20:52:10
2019-03-07 20:52:10,e6dc1208-021f-43b8-8903-942f9fc746af,luma-24-wg08,purchase,2019-03-07 20:52:10
2019-03-07 20:52:10,e6dc1208-021f-43b8-8903-942f9fc746af,24-ug0,purchase,2019-03-07 20:52:10
2019-03-07 20:52:10,e6dc1208-021f-43b8-8903-942f9fc746af,24-wg08,purchase,2019-03-07 20:52:10
2019-03-07 20:52:10,e6dc1208-021f-43b8-8903-942f9fc746af,llmp10,purchase,2019-03-07 20:52:10
2019-03-07 20:52:10,e6dc1208-021f-43b8-8903-942f9fc746af,llmp11,purchase,2019-03-07 20:52:10
2019-03-07 20:52:10,e6dc1208-021f-43b8-8903-942f9fc746af,24-ug0,purchase,2019-03-07 20:52:10
2019-03-07 20:52:10,e6dc1208-021f-43b8-8903-942f9fc746af,24-wg08,purchase,2019-03-07 20:52:10
2019-03-07 20:52:10,e6dc1208-021f-43b8-8903-942f9fc746af,24-mg0,purchase,2019-03-07 20:52:10
2019-03-07 22:15:22,f18ab5a0-d4ab-4e16-9526-eefa39040771,24-ug0,purchase,2019-03-07 22:15:22
2019-03-07 22:15:22,f18ab5a0-d4ab-4e16-9526-eefa39040771,llms10,purchase,2019-03-07 22:15:22
2019-03-07 22:15:22,f18ab5a0-d4ab-4e16-9526-eefa39040771,llmsh32-3,purchase,2019-03-07 22:15:22
2019-03-07 22:15:22,f18ab5a0-d4ab-4e16-9526-eefa39040771,24-wg08,purchase,2019-03-07 22:15:22
2019-03-07 22:15:22,f18ab5a0-d4ab-4e16-9526-eefa39040771,24-ug0,purchase,2019-03-07 22:15:22
2019-03-07 22:15:22,f18ab5a0-d4ab-4e16-9526-eefa39040771,24-ug0,purchase,2019-03-07 22:15:22
2019-03-07 22:50:03,8a31a0de-9f84-4760-bfe3-a861b64079fb,llmj11,purchase,2019-03-07 22:50:03
2019-03-07 22:50:03,8a31a0de-9f84-4760-bfe3-a861b64079fb,llmp11,purchase,2019-03-07 22:50:03
2019-03-07 22:50:03,8a31a0de-9f84-4760-bfe3-a861b64079fb,24-wg0,purchase,2019-03-07 22:50:03
2019-03-07 22:18:03,4d8badbb-3047-402a-aa4a-02ec9fd66a3b,24-wg08,purchase,2019-03-07 22:18:03
2019-03-07 22:18:03,4d8badbb-3047-402a-aa4a-02ec9fd66a3b,24-ug0,purchase,2019-03-07 22:18:03
2019-03-07 22:18:03,4d8badbb-3047-402a-aa4a-02ec9fd66a3b,24-wb0,purchase,2019-03-07 22:18:03
2019-03-07 22:18:03,4d8badbb-3047-402a-aa4a-02ec9fd66a3b,24-mg0,purchase,2019-03-07 22:18:03
2019-03-07 22:18:03,4d8badbb-3047-402a-aa4a-02ec9fd66a3b,24-mg0,purchase,2019-03-07 22:18:03
2019-03-07 22:18:03,4d8badbb-3047-402a-aa4a-02ec9fd66a3b,24-wg0,purchase,2019-03-07 22:18:03
2019-03-07 19:06:20,12cf06ed-dc47-4641-b145-5a5e6b599d5c,llmp11,purchase,2019-03-07 19:06:20
2019-03-07 19:06:20,12cf06ed-dc47-4641-b145-5a5e6b599d5c,llmsh10,purchase,2019-03-07 19:06:20
2019-03-07 19:06:20,12cf06ed-dc47-4641-b145-5a5e6b599d5c,llmsh08,purchase,2019-03-07 19:06:20
2019-03-07 19:33:54,8dbfb013-6b4f-4c51-9d47-059cec76d3ef,llmh10,purchase,2019-03-07 19:33:54
2019-03-07 19:33:54,8dbfb013-6b4f-4c51-9d47-059cec76d3ef,llmh12,purchase,2019-03-07 19:33:54
2019-03-07 19:33:54,8dbfb013-6b4f-4c51-9d47-059cec76d3ef,llmh11,purchase,2019-03-07 19:33:54
2019-03-07 19:16:41,e9df8455-3a11-4899-9e70-9cca3ef22bf4,llwp12,purchase,2019-03-07 19:16:41
2019-03-07 19:16:41,e9df8455-3a11-4899-9e70-9cca3ef22bf4,llwj06,purchase,2019-03-07 19:16:41
2019-03-07 00:12:04,8281591f-734d-455b-9c16-bb954dc26985,llwh03,purchase,2019-03-07 00:12:04
2019-03-07 00:12:04,8281591f-734d-455b-9c16-bb954dc26985,llwh12,purchase,2019-03-07 00:12:04
2019-03-07 00:12:04,8281591f-734d-455b-9c16-bb954dc26985,llwh10,purchase,2019-03-07 00:12:04
2019-03-07 11:40:30,fbc33c39-60e7-4d0e-9faa-e65d2394242e,llms10,purchase,2019-03-07 11:40:30
2019-03-07 11:40:30,fbc33c39-60e7-4d0e-9faa-e65d2394242e,llms07,purchase,2019-03-07 11:40:30
2019-03-07 11:40:30,fbc33c39-60e7-4d0e-9faa-e65d2394242e,24-mg0,purchase,2019-03-07 11:40:30
2019-03-07 11:40:30,fbc33c39-60e7-4d0e-9faa-e65d2394242e,24-wb0,purchase,2019-03-07 11:40:30
2019-03-07 11:40:30,fbc33c39-60e7-4d0e-9faa-e65d2394242e,24-wg08,purchase,2019-03-07 11:40:30
2019-03-08 18:02:56,0731ec50-989f-4fc8-903f-02e3e2a4753b,llmj06,purchase,2019-03-08 18:02:56
2019-03-08 18:02:56,0731ec50-989f-4fc8-903f-02e3e2a4753b,llmp12,purchase,2019-03-08 18:02:56
2019-03-08 18:02:56,0731ec50-989f-4fc8-903f-02e3e2a4753b,luma-24-mb0,purchase,2019-03-08 18:02:56
2019-03-08 18:11:08,9ae9560d-4888-4a2a-b878-237cabcb365c,24-ug0,purchase,2019-03-08 18:11:08
2019-03-08 18:11:08,9ae9560d-4888-4a2a-b878-237cabcb365c,llws05,purchase,2019-03-08 18:11:08
2019-03-08 18:11:08,9ae9560d-4888-4a2a-b878-237cabcb365c,24-wg08,purchase,2019-03-08 18:11:08
2019-03-08 09:09:17,3fe72d41-da48-47bc-9eb8-1bcda1071637,llmh12,purchase,2019-03-08 09:09:17
2019-03-08 09:09:17,3fe72d41-da48-47bc-9eb8-1bcda1071637,llmj11,purchase,2019-03-08 09:09:17
2019-03-08 09:09:17,3fe72d41-da48-47bc-9eb8-1bcda1071637,llmj12,purchase,2019-03-08 09:09:17
2019-03-08 09:09:17,3fe72d41-da48-47bc-9eb8-1bcda1071637,llmh13,purchase,2019-03-08 09:09:17
2019-03-08 09:09:17,3fe72d41-da48-47bc-9eb8-1bcda1071637,llmj03,purchase,2019-03-08 09:09:17
2019-03-08 09:00:11,1b7077bc-d3c1-45d4-a465-42ab7f20f073,llmj10,purchase,2019-03-08 09:00:11
2019-03-08 09:00:11,1b7077bc-d3c1-45d4-a465-42ab7f20f073,24-mg0,purchase,2019-03-08 09:00:11
2019-03-08 09:00:11,1b7077bc-d3c1-45d4-a465-42ab7f20f073,24-wb0,purchase,2019-03-08 09:00:11
2019-03-08 09:00:11,1b7077bc-d3c1-45d4-a465-42ab7f20f073,luma-24-mb0,purchase,2019-03-08 09:00:11
2019-03-08 09:46:20,f76b30b6-fd97-42eb-b1d2-4d2c94848175,llwh05,purchase,2019-03-08 09:46:20
2019-03-08 09:46:20,f76b30b6-fd97-42eb-b1d2-4d2c94848175,llwp12,purchase,2019-03-08 09:46:20
2019-03-08 09:46:20,f76b30b6-fd97-42eb-b1d2-4d2c94848175,llwb04,purchase,2019-03-08 09:46:20
2019-03-08 09:46:20,f76b30b6-fd97-42eb-b1d2-4d2c94848175,24-wb0,purchase,2019-03-08 09:46:20
2019-03-08 09:32:01,6e59af6d-a3c2-426a-b958-995e10ce458e,24-wb0,purchase,2019-03-08 09:32:01
2019-03-08 09:32:01,6e59af6d-a3c2-426a-b958-995e10ce458e,llwh06,purchase,2019-03-08 09:32:01
2019-03-08 09:32:01,6e59af6d-a3c2-426a-b958-995e10ce458e,llwh03,purchase,2019-03-08 09:32:01
2019-03-08 09:49:20,2af5035f-6a12-4087-ab89-433b60104446,luma-24-wb0,purchase,2019-03-08 09:49:20
2019-03-08 09:49:20,2af5035f-6a12-4087-ab89-433b60104446,llwh11,purchase,2019-03-08 09:49:20
2019-03-08 09:49:20,2af5035f-6a12-4087-ab89-433b60104446,llwh12,purchase,2019-03-08 09:49:20
2019-03-08 19:18:51,7d581927-a4b1-49d6-9030-f2c8a7334f32,llwh03,purchase,2019-03-08 19:18:51
2019-03-08 02:32:58,0a470cda-d946-4c31-b43e-57411a3801dd,llmj06,purchase,2019-03-08 02:32:58
2019-03-08 02:32:58,0a470cda-d946-4c31-b43e-57411a3801dd,llmp12,purchase,2019-03-08 02:32:58
2019-03-08 02:32:58,0a470cda-d946-4c31-b43e-57411a3801dd,llmh13,purchase,2019-03-08 02:32:58
2019-03-08 02:32:58,0a470cda-d946-4c31-b43e-57411a3801dd,llms10,purchase,2019-03-08 02:32:58
2019-03-08 02:32:58,0a470cda-d946-4c31-b43e-57411a3801dd,llmj10,purchase,2019-03-08 02:32:58
2019-03-08 02:32:58,0a470cda-d946-4c31-b43e-57411a3801dd,luma-24-wg08,purchase,2019-03-08 02:32:58
2019-03-08 02:32:58,0a470cda-d946-4c31-b43e-57411a3801dd,24-wg08,purchase,2019-03-08 02:32:58
2019-03-08 02:32:58,0a470cda-d946-4c31-b43e-57411a3801dd,24-mg0,purchase,2019-03-08 02:32:58
2019-03-08 08:19:06,345f287c-62a8-425a-ad10-45c47493ccef,llmh12,purchase,2019-03-08 08:19:06
2019-03-08 08:19:06,345f287c-62a8-425a-ad10-45c47493ccef,24-ug0,purchase,2019-03-08 08:19:06
2019-03-08 08:19:06,345f287c-62a8-425a-ad10-45c47493ccef,llmj10,purchase,2019-03-08 08:19:06
2019-03-08 08:19:06,345f287c-62a8-425a-ad10-45c47493ccef,llmh11,purchase,2019-03-08 08:19:06
2019-03-08 08:19:06,345f287c-62a8-425a-ad10-45c47493ccef,llmsh32-3,purchase,2019-03-08 08:19:06
2019-03-08 00:10:20,f80d2e2c-c22f-417c-a2f8-1b44e943409d,llmh12,purchase,2019-03-08 00:10:20
2019-03-08 00:10:20,f80d2e2c-c22f-417c-a2f8-1b44e943409d,llmp09,purchase,2019-03-08 00:10:20
2019-03-08 00:10:20,f80d2e2c-c22f-417c-a2f8-1b44e943409d,llmh13,purchase,2019-03-08 00:10:20
2019-03-08 00:40:47,bc23f2de-d1e5-4ba7-89d6-dbe3ea87434c,llwh08,purchase,2019-03-08 00:40:47
2019-03-08 00:40:47,bc23f2de-d1e5-4ba7-89d6-dbe3ea87434c,llwh12,purchase,2019-03-08 00:40:47
2019-03-08 00:40:47,bc23f2de-d1e5-4ba7-89d6-dbe3ea87434c,24-wb0,purchase,2019-03-08 00:40:47
2019-03-08 00:40:47,bc23f2de-d1e5-4ba7-89d6-dbe3ea87434c,luma-24-wb0,purchase,2019-03-08 00:40:47
2019-03-08 00:40:47,bc23f2de-d1e5-4ba7-89d6-dbe3ea87434c,24-wg0,purchase,2019-03-08 00:40:47
2019-03-08 00:40:47,bc23f2de-d1e5-4ba7-89d6-dbe3ea87434c,llmsh32-3,purchase,2019-03-08 00:40:47
2019-03-08 16:30:21,a5f99b47-f878-49e7-8b0a-2b9b28888f33,llwh03,purchase,2019-03-08 16:30:21
2019-03-08 16:30:21,a5f99b47-f878-49e7-8b0a-2b9b28888f33,llwj0,purchase,2019-03-08 16:30:21
2019-03-08 16:30:21,a5f99b47-f878-49e7-8b0a-2b9b28888f33,24-ug0,purchase,2019-03-08 16:30:21
2019-03-08 16:30:21,a5f99b47-f878-49e7-8b0a-2b9b28888f33,24-ub0,purchase,2019-03-08 16:30:21
2019-03-08 16:30:21,a5f99b47-f878-49e7-8b0a-2b9b28888f33,24-mg0,purchase,2019-03-08 16:30:21
2019-03-08 16:30:21,a5f99b47-f878-49e7-8b0a-2b9b28888f33,24-mg0,purchase,2019-03-08 16:30:21
2019-03-08 16:44:22,1ccefcfa-96f0-49d8-a7c6-9eee9f366d7f,24-wb0,purchase,2019-03-08 16:44:22
2019-03-08 16:44:22,1ccefcfa-96f0-49d8-a7c6-9eee9f366d7f,luma-24-wb0,purchase,2019-03-08 16:44:22
2019-03-08 16:44:22,1ccefcfa-96f0-49d8-a7c6-9eee9f366d7f,24-ug0,purchase,2019-03-08 16:44:22
2019-03-08 16:44:22,1ccefcfa-96f0-49d8-a7c6-9eee9f366d7f,24-ug0,purchase,2019-03-08 16:44:22
2019-03-08 16:44:22,1ccefcfa-96f0-49d8-a7c6-9eee9f366d7f,llmh12,purchase,2019-03-08 16:44:22
2019-03-08 16:44:22,1ccefcfa-96f0-49d8-a7c6-9eee9f366d7f,llmh13,purchase,2019-03-08 16:44:22
2019-03-08 05:13:35,ab608b3f-58cf-46e7-9d40-8fcaa0718e7e,llmt09,purchase,2019-03-08 05:13:35
2019-03-08 05:13:35,ab608b3f-58cf-46e7-9d40-8fcaa0718e7e,24-mg0,purchase,2019-03-08 05:13:35
2019-03-08 05:13:35,ab608b3f-58cf-46e7-9d40-8fcaa0718e7e,llmp09,purchase,2019-03-08 05:13:35
2019-03-08 05:13:35,ab608b3f-58cf-46e7-9d40-8fcaa0718e7e,llmsh32-3,purchase,2019-03-08 05:13:35
2019-03-08 05:13:35,ab608b3f-58cf-46e7-9d40-8fcaa0718e7e,llmj10,purchase,2019-03-08 05:13:35
2019-03-08 10:04:58,0ba0d4b3-035d-4042-825a-72e374aae558,llmp11,purchase,2019-03-08 10:04:58
2019-03-09 01:06:14,18c998d6-b828-4656-8253-d9084c4d7892,luma-24-mb0,purchase,2019-03-09 01:06:14
2019-03-09 01:06:14,18c998d6-b828-4656-8253-d9084c4d7892,llms10,purchase,2019-03-09 01:06:14
2019-03-09 01:06:14,18c998d6-b828-4656-8253-d9084c4d7892,llms07,purchase,2019-03-09 01:06:14
2019-03-09 01:06:14,18c998d6-b828-4656-8253-d9084c4d7892,llms01,purchase,2019-03-09 01:06:14
2019-03-09 01:06:14,18c998d6-b828-4656-8253-d9084c4d7892,llmh12,purchase,2019-03-09 01:06:14
2019-03-09 01:07:29,e6446685-d500-42aa-a922-c437848ada75,llmp09,purchase,2019-03-09 01:07:29
2019-03-09 01:07:29,e6446685-d500-42aa-a922-c437848ada75,llmp11,purchase,2019-03-09 01:07:29
